Wed Feb 28 11:31:17 CET 2018;MSFT;3422;1000.0;/172.17.3.72:50746;/172.17.1.61:63001
Thu Mar 01 11:14:19 CET 2018;IBM;3649;1000.0;/172.17.1.243:61556;/172.17.1.243:61528
Thu Mar 01 11:14:19 CET 2018;IBM;2117;1000.0;/172.17.1.243:61537;/172.17.1.243:61528
Thu Mar 01 11:14:19 CET 2018;MSFT;1440;1000.0;/172.17.1.243:61528;/172.17.1.243:61537
Thu Mar 01 11:14:20 CET 2018;AAPL;3882;1000.0;/172.17.1.243:61537;/172.17.1.243:61543
Thu Mar 01 11:14:20 CET 2018;AAPL;1730;1000.0;/172.17.1.243:61549;/172.17.1.243:61537
Thu Mar 01 11:14:20 CET 2018;MSFT;5641;1000.0;/172.17.1.243:61556;/172.17.1.243:61543
Thu Mar 01 11:14:20 CET 2018;AAPL;1026;1000.0;/172.17.1.243:61537;/172.17.1.243:61537
Thu Mar 01 11:14:20 CET 2018;IBM;2990;1000.0;/172.17.1.243:61537;/172.17.1.243:61556
Thu Mar 01 11:14:20 CET 2018;IBM;1591;1000.0;/172.17.1.243:61549;/172.17.1.243:61556
Thu Mar 01 11:14:20 CET 2018;IBM;5632;1000.0;/172.17.1.243:61543;/172.17.1.243:61537
Thu Mar 01 11:14:20 CET 2018;IBM;5057;1000.0;/172.17.1.243:61549;/172.17.1.243:61556
Thu Mar 01 11:14:20 CET 2018;IBM;6180;1000.0;/172.17.1.243:61543;/172.17.1.243:61549
Thu Mar 01 11:14:20 CET 2018;MSFT;5830;1000.0;/172.17.1.243:61528;/172.17.1.243:61537
Thu Mar 01 11:14:20 CET 2018;MSFT;5648;1000.0;/172.17.1.243:61537;/172.17.1.243:61556
Thu Mar 01 11:14:20 CET 2018;IBM;7888;1000.0;/172.17.1.243:61556;/172.17.1.243:61537
Thu Mar 01 11:14:20 CET 2018;AAPL;1966;1000.0;/172.17.1.243:61556;/172.17.1.243:61537
Thu Mar 01 11:14:20 CET 2018;MSFT;6752;1000.0;/172.17.1.243:61556;/172.17.1.243:61528
Thu Mar 01 11:14:20 CET 2018;AAPL;2627;1000.0;/172.17.1.243:61537;/172.17.1.243:61543
Thu Mar 01 11:14:20 CET 2018;AAPL;3965;1000.0;/172.17.1.243:61549;/172.17.1.243:61543
Thu Mar 01 11:14:20 CET 2018;IBM;7309;1000.0;/172.17.1.243:61537;/172.17.1.243:61543
Thu Mar 01 11:14:20 CET 2018;IBM;2536;1000.0;/172.17.1.243:61543;/172.17.1.243:61556
Thu Mar 01 11:14:20 CET 2018;IBM;2192;1000.0;/172.17.1.243:61549;/172.17.1.243:61537
Thu Mar 01 11:14:20 CET 2018;AAPL;5474;1000.0;/172.17.1.243:61528;/172.17.1.243:61543
Thu Mar 01 11:14:20 CET 2018;AAPL;2187;1000.0;/172.17.1.243:61543;/172.17.1.243:61528
Thu Mar 01 11:14:20 CET 2018;AAPL;1882;1000.0;/172.17.1.243:61549;/172.17.1.243:61528
Thu Mar 01 11:14:20 CET 2018;AAPL;5851;1000.0;/172.17.1.243:61556;/172.17.1.243:61528
Thu Mar 01 11:14:20 CET 2018;MSFT;1228;1000.0;/172.17.1.243:61528;/172.17.1.243:61537
Thu Mar 01 11:14:20 CET 2018;IBM;3272;1000.0;/172.17.1.243:61528;/172.17.1.243:61537
Thu Mar 01 11:14:20 CET 2018;MSFT;3181;1000.0;/172.17.1.243:61543;/172.17.1.243:61537
Thu Mar 01 11:14:20 CET 2018;AAPL;335;1000.0;/172.17.1.243:61528;/172.17.1.243:61537
Thu Mar 01 11:14:20 CET 2018;IBM;8702;1000.0;/172.17.1.243:61528;/172.17.1.243:61549
Thu Mar 01 11:14:20 CET 2018;MSFT;627;1000.0;/172.17.1.243:61549;/172.17.1.243:61549
Thu Mar 01 11:14:20 CET 2018;IBM;16;1000.0;/172.17.1.243:61556;/172.17.1.243:61556
Thu Mar 01 11:14:20 CET 2018;IBM;2138;1000.0;/172.17.1.243:61528;/172.17.1.243:61556
Thu Mar 01 11:14:20 CET 2018;MSFT;6877;1000.0;/172.17.1.243:61543;/172.17.1.243:61556
Thu Mar 01 11:14:20 CET 2018;MSFT;8436;1000.0;/172.17.1.243:61537;/172.17.1.243:61556
Thu Mar 01 11:14:20 CET 2018;AAPL;1615;1000.0;/172.17.1.243:61528;/172.17.1.243:61528
Thu Mar 01 11:14:20 CET 2018;AAPL;988;1000.0;/172.17.1.243:61549;/172.17.1.243:61543
Thu Mar 01 11:14:20 CET 2018;AAPL;8508;1000.0;/172.17.1.243:61528;/172.17.1.243:61543
Thu Mar 01 11:14:20 CET 2018;AAPL;5682;1000.0;/172.17.1.243:61537;/172.17.1.243:61528
Thu Mar 01 11:14:20 CET 2018;MSFT;448;1000.0;/172.17.1.243:61543;/172.17.1.243:61549
Thu Mar 01 11:14:20 CET 2018;AAPL;998;1000.0;/172.17.1.243:61537;/172.17.1.243:61537
Thu Mar 01 11:14:20 CET 2018;MSFT;1507;1000.0;/172.17.1.243:61537;/172.17.1.243:61556
Thu Mar 01 11:14:20 CET 2018;AAPL;1491;1000.0;/172.17.1.243:61537;/172.17.1.243:61528
Thu Mar 01 11:14:20 CET 2018;MSFT;1237;1000.0;/172.17.1.243:61528;/172.17.1.243:61556
Thu Mar 01 11:14:20 CET 2018;IBM;5553;1000.0;/172.17.1.243:61543;/172.17.1.243:61549
Thu Mar 01 11:14:20 CET 2018;MSFT;4755;1000.0;/172.17.1.243:61537;/172.17.1.243:61528
Thu Mar 01 11:14:20 CET 2018;AAPL;5153;1000.0;/172.17.1.243:61556;/172.17.1.243:61528
Thu Mar 01 11:14:20 CET 2018;AAPL;4601;1000.0;/172.17.1.243:61528;/172.17.1.243:61549
Thu Mar 01 11:14:20 CET 2018;IBM;2063;1000.0;/172.17.1.243:61537;/172.17.1.243:61543
Thu Mar 01 11:14:20 CET 2018;IBM;4089;1000.0;/172.17.1.243:61543;/172.17.1.243:61543
Thu Mar 01 11:14:20 CET 2018;AAPL;5584;1000.0;/172.17.1.243:61549;/172.17.1.243:61549
Thu Mar 01 11:14:20 CET 2018;IBM;8563;1000.0;/172.17.1.243:61556;/172.17.1.243:61556
Thu Mar 01 11:14:20 CET 2018;AAPL;1503;1000.0;/172.17.1.243:61528;/172.17.1.243:61528
Thu Mar 01 11:14:20 CET 2018;AAPL;5532;1000.0;/172.17.1.243:61556;/172.17.1.243:61556
Thu Mar 01 11:14:20 CET 2018;MSFT;6143;1000.0;/172.17.1.243:61528;/172.17.1.243:61537
Thu Mar 01 11:14:20 CET 2018;MSFT;4080;1000.0;/172.17.1.243:61556;/172.17.1.243:61537
Thu Mar 01 11:14:20 CET 2018;IBM;2988;1000.0;/172.17.1.243:61556;/172.17.1.243:61528
Thu Mar 01 11:14:20 CET 2018;AAPL;7331;1000.0;/172.17.1.243:61549;/172.17.1.243:61528
Thu Mar 01 11:14:20 CET 2018;MSFT;1663;1000.0;/172.17.1.243:61537;/172.17.1.243:61528
Thu Mar 01 11:14:20 CET 2018;AAPL;2171;1000.0;/172.17.1.243:61543;/172.17.1.243:61528
Thu Mar 01 11:14:20 CET 2018;MSFT;663;1000.0;/172.17.1.243:61537;/172.17.1.243:61549
Thu Mar 01 11:14:20 CET 2018;IBM;1456;1000.0;/172.17.1.243:61549;/172.17.1.243:61556
Thu Mar 01 11:14:20 CET 2018;AAPL;1695;1000.0;/172.17.1.243:61537;/172.17.1.243:61528
Thu Mar 01 11:14:20 CET 2018;AAPL;8612;1000.0;/172.17.1.243:61556;/172.17.1.243:61543
Thu Mar 01 11:14:20 CET 2018;IBM;4367;1000.0;/172.17.1.243:61528;/172.17.1.243:61528
Thu Mar 01 11:14:20 CET 2018;MSFT;3606;1000.0;/172.17.1.243:61543;/172.17.1.243:61549
Thu Mar 01 11:14:20 CET 2018;MSFT;2634;1000.0;/172.17.1.243:61556;/172.17.1.243:61549
Thu Mar 01 11:14:20 CET 2018;MSFT;3844;1000.0;/172.17.1.243:61543;/172.17.1.243:61543
Thu Mar 01 11:14:20 CET 2018;MSFT;5646;1000.0;/172.17.1.243:61549;/172.17.1.243:61543
Thu Mar 01 11:14:20 CET 2018;IBM;143;1000.0;/172.17.1.243:61537;/172.17.1.243:61556
Thu Mar 01 11:14:20 CET 2018;AAPL;882;1000.0;/172.17.1.243:61528;/172.17.1.243:61528
Thu Mar 01 11:14:20 CET 2018;MSFT;8078;1000.0;/172.17.1.243:61556;/172.17.1.243:61528
Thu Mar 01 11:14:20 CET 2018;AAPL;6589;1000.0;/172.17.1.243:61556;/172.17.1.243:61556
Thu Mar 01 11:14:20 CET 2018;MSFT;4720;1000.0;/172.17.1.243:61537;/172.17.1.243:61543
Thu Mar 01 11:14:20 CET 2018;MSFT;620;1000.0;/172.17.1.243:61537;/172.17.1.243:61556
Thu Mar 01 11:14:20 CET 2018;IBM;4795;1000.0;/172.17.1.243:61549;/172.17.1.243:61528
Thu Mar 01 11:14:20 CET 2018;AAPL;575;1000.0;/172.17.1.243:61537;/172.17.1.243:61537
Thu Mar 01 11:14:20 CET 2018;MSFT;6026;1000.0;/172.17.1.243:61549;/172.17.1.243:61556
Thu Mar 01 11:14:20 CET 2018;IBM;6639;1000.0;/172.17.1.243:61556;/172.17.1.243:61528
Thu Mar 01 11:14:20 CET 2018;MSFT;5212;1000.0;/172.17.1.243:61543;/172.17.1.243:61556
Thu Mar 01 11:14:20 CET 2018;MSFT;3644;1000.0;/172.17.1.243:61543;/172.17.1.243:61543
Thu Mar 01 11:14:20 CET 2018;MSFT;2100;1000.0;/172.17.1.243:61537;/172.17.1.243:61543
Thu Mar 01 11:14:20 CET 2018;AAPL;867;1000.0;/172.17.1.243:61528;/172.17.1.243:61528
Thu Mar 01 11:14:20 CET 2018;MSFT;689;1000.0;/172.17.1.243:61549;/172.17.1.243:61537
Thu Mar 01 11:14:20 CET 2018;IBM;3865;1000.0;/172.17.1.243:61543;/172.17.1.243:61528
Thu Mar 01 11:14:20 CET 2018;MSFT;5717;1000.0;/172.17.1.243:61556;/172.17.1.243:61549
Thu Mar 01 11:14:20 CET 2018;AAPL;1523;1000.0;/172.17.1.243:61543;/172.17.1.243:61528
Thu Mar 01 11:14:20 CET 2018;MSFT;332;1000.0;/172.17.1.243:61528;/172.17.1.243:61549
Thu Mar 01 11:14:20 CET 2018;IBM;4301;1000.0;/172.17.1.243:61549;/172.17.1.243:61528
Thu Mar 01 11:14:20 CET 2018;AAPL;1917;1000.0;/172.17.1.243:61556;/172.17.1.243:61528
Thu Mar 01 11:14:20 CET 2018;MSFT;1087;1000.0;/172.17.1.243:61549;/172.17.1.243:61528
Thu Mar 01 11:14:20 CET 2018;IBM;5715;1000.0;/172.17.1.243:61543;/172.17.1.243:61528
Thu Mar 01 11:14:20 CET 2018;AAPL;4821;1000.0;/172.17.1.243:61537;/172.17.1.243:61543
Thu Mar 01 11:14:20 CET 2018;AAPL;4249;1000.0;/172.17.1.243:61543;/172.17.1.243:61543
Thu Mar 01 11:14:20 CET 2018;IBM;3376;1000.0;/172.17.1.243:61549;/172.17.1.243:61528
Thu Mar 01 11:14:20 CET 2018;MSFT;6029;1000.0;/172.17.1.243:61543;/172.17.1.243:61543
Thu Mar 01 11:14:20 CET 2018;IBM;9169;1000.0;/172.17.1.243:61543;/172.17.1.243:61537
Thu Mar 01 11:14:20 CET 2018;MSFT;3024;1000.0;/172.17.1.243:61528;/172.17.1.243:61528
Thu Mar 01 11:14:20 CET 2018;MSFT;2991;1000.0;/172.17.1.243:61549;/172.17.1.243:61543
Thu Mar 01 11:14:20 CET 2018;AAPL;5825;1000.0;/172.17.1.243:61556;/172.17.1.243:61528
Thu Mar 01 11:14:20 CET 2018;IBM;3449;1000.0;/172.17.1.243:61537;/172.17.1.243:61528
Thu Mar 01 11:14:20 CET 2018;MSFT;1973;1000.0;/172.17.1.243:61543;/172.17.1.243:61549
Thu Mar 01 11:14:20 CET 2018;AAPL;2096;1000.0;/172.17.1.243:61537;/172.17.1.243:61549
Thu Mar 01 11:14:20 CET 2018;AAPL;2466;1000.0;/172.17.1.243:61549;/172.17.1.243:61549
Thu Mar 01 11:14:20 CET 2018;AAPL;2373;1000.0;/172.17.1.243:61549;/172.17.1.243:61528
Thu Mar 01 11:14:20 CET 2018;MSFT;141;1000.0;/172.17.1.243:61543;/172.17.1.243:61537
Thu Mar 01 11:14:20 CET 2018;AAPL;5059;1000.0;/172.17.1.243:61549;/172.17.1.243:61556
Thu Mar 01 11:14:20 CET 2018;IBM;3314;1000.0;/172.17.1.243:61549;/172.17.1.243:61528
Thu Mar 01 11:14:20 CET 2018;AAPL;4073;1000.0;/172.17.1.243:61549;/172.17.1.243:61537
Thu Mar 01 11:14:20 CET 2018;AAPL;4398;1000.0;/172.17.1.243:61556;/172.17.1.243:61549
Thu Mar 01 11:14:20 CET 2018;AAPL;5853;1000.0;/172.17.1.243:61537;/172.17.1.243:61549
Thu Mar 01 11:14:20 CET 2018;AAPL;3806;1000.0;/172.17.1.243:61543;/172.17.1.243:61549
Thu Mar 01 11:14:20 CET 2018;IBM;2745;1000.0;/172.17.1.243:61549;/172.17.1.243:61549
Thu Mar 01 11:14:20 CET 2018;AAPL;7391;1000.0;/172.17.1.243:61549;/172.17.1.243:61537
Thu Mar 01 11:14:20 CET 2018;MSFT;7407;1000.0;/172.17.1.243:61537;/172.17.1.243:61543
Thu Mar 01 11:14:20 CET 2018;AAPL;2820;1000.0;/172.17.1.243:61537;/172.17.1.243:61537
Thu Mar 01 11:14:20 CET 2018;IBM;1262;1000.0;/172.17.1.243:61543;/172.17.1.243:61537
Thu Mar 01 11:14:20 CET 2018;AAPL;1150;1000.0;/172.17.1.243:61543;/172.17.1.243:61528
Thu Mar 01 11:14:20 CET 2018;MSFT;8864;1000.0;/172.17.1.243:61537;/172.17.1.243:61537
Thu Mar 01 11:14:20 CET 2018;IBM;7011;1000.0;/172.17.1.243:61528;/172.17.1.243:61543
Thu Mar 01 11:14:20 CET 2018;IBM;6094;1000.0;/172.17.1.243:61528;/172.17.1.243:61549
Thu Mar 01 11:14:20 CET 2018;AAPL;3182;1000.0;/172.17.1.243:61556;/172.17.1.243:61528
Thu Mar 01 11:14:20 CET 2018;IBM;3856;1000.0;/172.17.1.243:61543;/172.17.1.243:61528
Thu Mar 01 11:14:20 CET 2018;MSFT;5147;1000.0;/172.17.1.243:61537;/172.17.1.243:61537
Thu Mar 01 11:14:20 CET 2018;IBM;5530;1000.0;/172.17.1.243:61528;/172.17.1.243:61528
Thu Mar 01 11:14:20 CET 2018;MSFT;6806;1000.0;/172.17.1.243:61543;/172.17.1.243:61543
Thu Mar 01 11:14:20 CET 2018;AAPL;7983;1000.0;/172.17.1.243:61537;/172.17.1.243:61549
Thu Mar 01 11:14:20 CET 2018;IBM;7513;1000.0;/172.17.1.243:61556;/172.17.1.243:61556
Thu Mar 01 11:14:20 CET 2018;IBM;1810;1000.0;/172.17.1.243:61543;/172.17.1.243:61537
Thu Mar 01 11:14:20 CET 2018;AAPL;1385;1000.0;/172.17.1.243:61537;/172.17.1.243:61537
Thu Mar 01 11:14:20 CET 2018;AAPL;9221;1000.0;/172.17.1.243:61528;/172.17.1.243:61549
Thu Mar 01 11:14:20 CET 2018;MSFT;3279;1000.0;/172.17.1.243:61549;/172.17.1.243:61528
Thu Mar 01 11:14:20 CET 2018;AAPL;3392;1000.0;/172.17.1.243:61556;/172.17.1.243:61556
Thu Mar 01 11:14:20 CET 2018;AAPL;1516;1000.0;/172.17.1.243:61543;/172.17.1.243:61537
Thu Mar 01 11:14:20 CET 2018;AAPL;2436;1000.0;/172.17.1.243:61549;/172.17.1.243:61543
Thu Mar 01 11:14:20 CET 2018;IBM;4391;1000.0;/172.17.1.243:61543;/172.17.1.243:61543
Thu Mar 01 11:14:20 CET 2018;MSFT;3781;1000.0;/172.17.1.243:61549;/172.17.1.243:61528
Thu Mar 01 11:14:20 CET 2018;IBM;6532;1000.0;/172.17.1.243:61543;/172.17.1.243:61537
Thu Mar 01 11:14:20 CET 2018;AAPL;7447;1000.0;/172.17.1.243:61528;/172.17.1.243:61537
Thu Mar 01 11:14:20 CET 2018;AAPL;6815;1000.0;/172.17.1.243:61556;/172.17.1.243:61537
Thu Mar 01 11:14:20 CET 2018;IBM;6616;1000.0;/172.17.1.243:61537;/172.17.1.243:61537
Thu Mar 01 11:14:20 CET 2018;MSFT;1835;1000.0;/172.17.1.243:61549;/172.17.1.243:61549
Thu Mar 01 11:14:20 CET 2018;MSFT;2389;1000.0;/172.17.1.243:61528;/172.17.1.243:61528
Thu Mar 01 11:14:20 CET 2018;AAPL;4831;1000.0;/172.17.1.243:61528;/172.17.1.243:61528
Thu Mar 01 11:14:20 CET 2018;IBM;5856;1000.0;/172.17.1.243:61549;/172.17.1.243:61543
Thu Mar 01 11:14:20 CET 2018;AAPL;3198;1000.0;/172.17.1.243:61543;/172.17.1.243:61537
Thu Mar 01 11:14:20 CET 2018;IBM;499;1000.0;/172.17.1.243:61549;/172.17.1.243:61556
Thu Mar 01 11:14:20 CET 2018;AAPL;6749;1000.0;/172.17.1.243:61537;/172.17.1.243:61543
Thu Mar 01 11:14:20 CET 2018;AAPL;5017;1000.0;/172.17.1.243:61537;/172.17.1.243:61549
Thu Mar 01 11:14:20 CET 2018;IBM;6485;1000.0;/172.17.1.243:61549;/172.17.1.243:61537
Thu Mar 01 11:14:20 CET 2018;MSFT;5665;1000.0;/172.17.1.243:61528;/172.17.1.243:61543
Thu Mar 01 11:14:20 CET 2018;MSFT;8012;1000.0;/172.17.1.243:61556;/172.17.1.243:61537
Thu Mar 01 11:14:20 CET 2018;IBM;5366;1000.0;/172.17.1.243:61549;/172.17.1.243:61556
Thu Mar 01 11:14:20 CET 2018;AAPL;4385;1000.0;/172.17.1.243:61556;/172.17.1.243:61549
Thu Mar 01 11:14:20 CET 2018;AAPL;4947;1000.0;/172.17.1.243:61556;/172.17.1.243:61556
Thu Mar 01 11:14:20 CET 2018;MSFT;6505;1000.0;/172.17.1.243:61528;/172.17.1.243:61543
Thu Mar 01 11:14:20 CET 2018;AAPL;3613;1000.0;/172.17.1.243:61528;/172.17.1.243:61543
Thu Mar 01 11:14:20 CET 2018;MSFT;1188;1000.0;/172.17.1.243:61549;/172.17.1.243:61543
Thu Mar 01 11:14:20 CET 2018;IBM;2820;1000.0;/172.17.1.243:61543;/172.17.1.243:61543
Thu Mar 01 11:14:20 CET 2018;IBM;1320;1000.0;/172.17.1.243:61537;/172.17.1.243:61528
Thu Mar 01 11:14:21 CET 2018;MSFT;7091;1000.0;/172.17.1.243:61528;/172.17.1.243:61543
Thu Mar 01 11:14:21 CET 2018;AAPL;8838;1000.0;/172.17.1.243:61549;/172.17.1.243:61543
Thu Mar 01 11:14:21 CET 2018;AAPL;7407;1000.0;/172.17.1.243:61556;/172.17.1.243:61543
Thu Mar 01 11:14:21 CET 2018;AAPL;8519;1000.0;/172.17.1.243:61543;/172.17.1.243:61556
Thu Mar 01 11:14:21 CET 2018;MSFT;2405;1000.0;/172.17.1.243:61549;/172.17.1.243:61537
Thu Mar 01 11:14:21 CET 2018;MSFT;3635;1000.0;/172.17.1.243:61543;/172.17.1.243:61537
Thu Mar 01 11:14:21 CET 2018;IBM;3671;1000.0;/172.17.1.243:61556;/172.17.1.243:61543
Thu Mar 01 11:14:21 CET 2018;IBM;7590;1000.0;/172.17.1.243:61528;/172.17.1.243:61543
Thu Mar 01 11:14:21 CET 2018;IBM;661;1000.0;/172.17.1.243:61543;/172.17.1.243:61556
Thu Mar 01 11:14:21 CET 2018;MSFT;5799;1000.0;/172.17.1.243:61549;/172.17.1.243:61528
Thu Mar 01 11:14:21 CET 2018;AAPL;3112;1000.0;/172.17.1.243:61528;/172.17.1.243:61549
Thu Mar 01 11:14:21 CET 2018;MSFT;9177;1000.0;/172.17.1.243:61537;/172.17.1.243:61549
Thu Mar 01 11:14:21 CET 2018;IBM;598;1000.0;/172.17.1.243:61528;/172.17.1.243:61528
Thu Mar 01 11:14:21 CET 2018;MSFT;7985;1000.0;/172.17.1.243:61556;/172.17.1.243:61528
Thu Mar 01 11:14:21 CET 2018;AAPL;1524;1000.0;/172.17.1.243:61537;/172.17.1.243:61528
Thu Mar 01 11:14:21 CET 2018;IBM;3732;1000.0;/172.17.1.243:61549;/172.17.1.243:61537
Thu Mar 01 11:14:21 CET 2018;MSFT;1185;1000.0;/172.17.1.243:61528;/172.17.1.243:61537
Thu Mar 01 11:14:21 CET 2018;AAPL;8975;1000.0;/172.17.1.243:61556;/172.17.1.243:61543
Thu Mar 01 11:14:21 CET 2018;MSFT;8277;1000.0;/172.17.1.243:61528;/172.17.1.243:61543
Thu Mar 01 11:14:21 CET 2018;IBM;5;1000.0;/172.17.1.243:61556;/172.17.1.243:61556
Thu Mar 01 11:14:21 CET 2018;AAPL;8502;1000.0;/172.17.1.243:61549;/172.17.1.243:61528
Thu Mar 01 11:14:21 CET 2018;IBM;6108;1000.0;/172.17.1.243:61543;/172.17.1.243:61543
Thu Mar 01 11:14:21 CET 2018;MSFT;9318;1000.0;/172.17.1.243:61537;/172.17.1.243:61549
Thu Mar 01 11:14:21 CET 2018;MSFT;8130;1000.0;/172.17.1.243:61528;/172.17.1.243:61549
Thu Mar 01 11:14:21 CET 2018;MSFT;5654;1000.0;/172.17.1.243:61549;/172.17.1.243:61556
Thu Mar 01 11:14:21 CET 2018;AAPL;4183;1000.0;/172.17.1.243:61556;/172.17.1.243:61556
Thu Mar 01 11:14:21 CET 2018;IBM;1081;1000.0;/172.17.1.243:61528;/172.17.1.243:61549
Thu Mar 01 11:14:21 CET 2018;AAPL;2902;1000.0;/172.17.1.243:61543;/172.17.1.243:61549
Thu Mar 01 11:14:21 CET 2018;IBM;7127;1000.0;/172.17.1.243:61543;/172.17.1.243:61556
Thu Mar 01 11:14:21 CET 2018;IBM;5304;1000.0;/172.17.1.243:61556;/172.17.1.243:61528
Thu Mar 01 11:14:21 CET 2018;IBM;8107;1000.0;/172.17.1.243:61537;/172.17.1.243:61556
Thu Mar 01 11:14:21 CET 2018;MSFT;1551;1000.0;/172.17.1.243:61528;/172.17.1.243:61543
Thu Mar 01 11:14:21 CET 2018;IBM;8826;1000.0;/172.17.1.243:61556;/172.17.1.243:61528
Thu Mar 01 11:14:21 CET 2018;MSFT;3330;1000.0;/172.17.1.243:61549;/172.17.1.243:61537
Thu Mar 01 11:14:21 CET 2018;AAPL;3257;1000.0;/172.17.1.243:61549;/172.17.1.243:61543
Thu Mar 01 11:14:21 CET 2018;MSFT;8413;1000.0;/172.17.1.243:61549;/172.17.1.243:61543
Thu Mar 01 11:14:21 CET 2018;AAPL;7770;1000.0;/172.17.1.243:61556;/172.17.1.243:61556
Thu Mar 01 11:14:21 CET 2018;IBM;2008;1000.0;/172.17.1.243:61556;/172.17.1.243:61528
Thu Mar 01 11:14:21 CET 2018;AAPL;4544;1000.0;/172.17.1.243:61549;/172.17.1.243:61549
Thu Mar 01 11:14:21 CET 2018;MSFT;4186;1000.0;/172.17.1.243:61537;/172.17.1.243:61543
Thu Mar 01 11:14:21 CET 2018;IBM;6555;1000.0;/172.17.1.243:61537;/172.17.1.243:61537
Thu Mar 01 11:14:21 CET 2018;AAPL;4072;1000.0;/172.17.1.243:61549;/172.17.1.243:61528
Thu Mar 01 11:14:21 CET 2018;AAPL;4897;1000.0;/172.17.1.243:61543;/172.17.1.243:61528
Thu Mar 01 11:14:21 CET 2018;IBM;1208;1000.0;/172.17.1.243:61556;/172.17.1.243:61543
Thu Mar 01 11:14:21 CET 2018;AAPL;2152;1000.0;/172.17.1.243:61528;/172.17.1.243:61549
Thu Mar 01 11:14:21 CET 2018;AAPL;5495;1000.0;/172.17.1.243:61537;/172.17.1.243:61537
Thu Mar 01 11:14:21 CET 2018;MSFT;7979;1000.0;/172.17.1.243:61528;/172.17.1.243:61543
Thu Mar 01 11:14:21 CET 2018;AAPL;4811;1000.0;/172.17.1.243:61537;/172.17.1.243:61556
Thu Mar 01 11:14:21 CET 2018;AAPL;3576;1000.0;/172.17.1.243:61549;/172.17.1.243:61543
Thu Mar 01 11:14:21 CET 2018;IBM;1467;1000.0;/172.17.1.243:61528;/172.17.1.243:61528
Thu Mar 01 11:14:21 CET 2018;MSFT;2779;1000.0;/172.17.1.243:61556;/172.17.1.243:61537
Thu Mar 01 11:14:21 CET 2018;AAPL;2486;1000.0;/172.17.1.243:61543;/172.17.1.243:61537
Thu Mar 01 11:14:21 CET 2018;MSFT;2921;1000.0;/172.17.1.243:61528;/172.17.1.243:61549
Thu Mar 01 11:14:21 CET 2018;AAPL;8801;1000.0;/172.17.1.243:61549;/172.17.1.243:61528
Thu Mar 01 11:14:21 CET 2018;IBM;6273;1000.0;/172.17.1.243:61556;/172.17.1.243:61556
Thu Mar 01 11:14:21 CET 2018;MSFT;8156;1000.0;/172.17.1.243:61537;/172.17.1.243:61537
Thu Mar 01 11:14:21 CET 2018;IBM;962;1000.0;/172.17.1.243:61528;/172.17.1.243:61528
Thu Mar 01 11:14:21 CET 2018;AAPL;2435;1000.0;/172.17.1.243:61537;/172.17.1.243:61549
Thu Mar 01 11:14:21 CET 2018;IBM;4741;1000.0;/172.17.1.243:61556;/172.17.1.243:61537
Thu Mar 01 11:14:21 CET 2018;MSFT;768;1000.0;/172.17.1.243:61543;/172.17.1.243:61549
Thu Mar 01 11:14:21 CET 2018;AAPL;1905;1000.0;/172.17.1.243:61528;/172.17.1.243:61556
Thu Mar 01 11:14:21 CET 2018;IBM;9545;1000.0;/172.17.1.243:61549;/172.17.1.243:61537
Thu Mar 01 11:14:21 CET 2018;MSFT;5912;1000.0;/172.17.1.243:61543;/172.17.1.243:61549
Thu Mar 01 11:14:21 CET 2018;IBM;8654;1000.0;/172.17.1.243:61528;/172.17.1.243:61528
Thu Mar 01 11:14:21 CET 2018;MSFT;5745;1000.0;/172.17.1.243:61556;/172.17.1.243:61543
Thu Mar 01 11:14:21 CET 2018;MSFT;7419;1000.0;/172.17.1.243:61549;/172.17.1.243:61556
Thu Mar 01 11:14:21 CET 2018;AAPL;6433;1000.0;/172.17.1.243:61537;/172.17.1.243:61543
Thu Mar 01 11:14:21 CET 2018;AAPL;2752;1000.0;/172.17.1.243:61543;/172.17.1.243:61537
Thu Mar 01 11:14:21 CET 2018;MSFT;2185;1000.0;/172.17.1.243:61528;/172.17.1.243:61528
Thu Mar 01 11:14:21 CET 2018;IBM;3308;1000.0;/172.17.1.243:61528;/172.17.1.243:61549
Thu Mar 01 11:14:21 CET 2018;IBM;8607;1000.0;/172.17.1.243:61537;/172.17.1.243:61537
Thu Mar 01 11:14:21 CET 2018;AAPL;8087;1000.0;/172.17.1.243:61543;/172.17.1.243:61549
Thu Mar 01 11:14:21 CET 2018;IBM;6768;1000.0;/172.17.1.243:61556;/172.17.1.243:61543
Thu Mar 01 11:14:21 CET 2018;MSFT;6844;1000.0;/172.17.1.243:61537;/172.17.1.243:61549
Thu Mar 01 11:14:21 CET 2018;IBM;2834;1000.0;/172.17.1.243:61528;/172.17.1.243:61537
Thu Mar 01 11:14:21 CET 2018;IBM;8555;1000.0;/172.17.1.243:61543;/172.17.1.243:61537
Thu Mar 01 11:14:21 CET 2018;AAPL;8646;1000.0;/172.17.1.243:61549;/172.17.1.243:61556
Thu Mar 01 11:14:21 CET 2018;AAPL;9474;1000.0;/172.17.1.243:61537;/172.17.1.243:61556
Thu Mar 01 11:14:21 CET 2018;IBM;909;1000.0;/172.17.1.243:61556;/172.17.1.243:61543
Thu Mar 01 11:14:21 CET 2018;IBM;6615;1000.0;/172.17.1.243:61528;/172.17.1.243:61556
Thu Mar 01 11:14:21 CET 2018;AAPL;9461;1000.0;/172.17.1.243:61537;/172.17.1.243:61543
Thu Mar 01 11:14:21 CET 2018;IBM;5583;1000.0;/172.17.1.243:61528;/172.17.1.243:61549
Thu Mar 01 11:14:21 CET 2018;IBM;946;1000.0;/172.17.1.243:61543;/172.17.1.243:61528
Thu Mar 01 11:14:21 CET 2018;AAPL;1086;1000.0;/172.17.1.243:61549;/172.17.1.243:61556
Thu Mar 01 11:14:21 CET 2018;AAPL;2338;1000.0;/172.17.1.243:61556;/172.17.1.243:61543
Thu Mar 01 11:14:21 CET 2018;MSFT;8107;1000.0;/172.17.1.243:61528;/172.17.1.243:61537
Thu Mar 01 11:14:21 CET 2018;IBM;3939;1000.0;/172.17.1.243:61543;/172.17.1.243:61528
Thu Mar 01 11:14:21 CET 2018;IBM;7083;1000.0;/172.17.1.243:61537;/172.17.1.243:61528
Thu Mar 01 11:14:21 CET 2018;IBM;2990;1000.0;/172.17.1.243:61549;/172.17.1.243:61528
Thu Mar 01 11:14:21 CET 2018;AAPL;3633;1000.0;/172.17.1.243:61556;/172.17.1.243:61543
Thu Mar 01 11:14:21 CET 2018;AAPL;7007;1000.0;/172.17.1.243:61528;/172.17.1.243:61543
Thu Mar 01 11:14:21 CET 2018;MSFT;4028;1000.0;/172.17.1.243:61543;/172.17.1.243:61537
Thu Mar 01 11:14:21 CET 2018;IBM;9312;1000.0;/172.17.1.243:61528;/172.17.1.243:61549
Thu Mar 01 11:14:21 CET 2018;MSFT;5960;1000.0;/172.17.1.243:61556;/172.17.1.243:61528
Thu Mar 01 11:14:21 CET 2018;MSFT;4486;1000.0;/172.17.1.243:61537;/172.17.1.243:61543
Thu Mar 01 11:14:21 CET 2018;MSFT;8324;1000.0;/172.17.1.243:61556;/172.17.1.243:61528
Thu Mar 01 11:14:21 CET 2018;MSFT;89;1000.0;/172.17.1.243:61543;/172.17.1.243:61543
Thu Mar 01 11:14:21 CET 2018;AAPL;6885;1000.0;/172.17.1.243:61543;/172.17.1.243:61543
Thu Mar 01 11:14:21 CET 2018;IBM;5886;1000.0;/172.17.1.243:61528;/172.17.1.243:61537
Thu Mar 01 11:14:21 CET 2018;AAPL;3336;1000.0;/172.17.1.243:61537;/172.17.1.243:61556
Thu Mar 01 11:14:21 CET 2018;IBM;247;1000.0;/172.17.1.243:61556;/172.17.1.243:61556
Thu Mar 01 11:14:21 CET 2018;MSFT;1488;1000.0;/172.17.1.243:61528;/172.17.1.243:61528
Thu Mar 01 11:14:21 CET 2018;AAPL;6617;1000.0;/172.17.1.243:61528;/172.17.1.243:61543
Thu Mar 01 11:14:21 CET 2018;AAPL;8366;1000.0;/172.17.1.243:61537;/172.17.1.243:61537
Thu Mar 01 11:14:21 CET 2018;MSFT;6515;1000.0;/172.17.1.243:61528;/172.17.1.243:61537
Thu Mar 01 11:14:21 CET 2018;AAPL;7036;1000.0;/172.17.1.243:61537;/172.17.1.243:61549
Thu Mar 01 11:14:21 CET 2018;MSFT;3587;1000.0;/172.17.1.243:61543;/172.17.1.243:61556
Thu Mar 01 11:14:21 CET 2018;MSFT;4170;1000.0;/172.17.1.243:61528;/172.17.1.243:61556
Thu Mar 01 11:14:21 CET 2018;IBM;331;1000.0;/172.17.1.243:61528;/172.17.1.243:61556
Thu Mar 01 11:14:21 CET 2018;IBM;1252;1000.0;/172.17.1.243:61543;/172.17.1.243:61528
Thu Mar 01 11:14:21 CET 2018;IBM;7927;1000.0;/172.17.1.243:61528;/172.17.1.243:61556
Thu Mar 01 11:14:21 CET 2018;AAPL;527;1000.0;/172.17.1.243:61537;/172.17.1.243:61537
Thu Mar 01 11:14:21 CET 2018;IBM;2551;1000.0;/172.17.1.243:61528;/172.17.1.243:61537
Thu Mar 01 11:14:21 CET 2018;IBM;3834;1000.0;/172.17.1.243:61528;/172.17.1.243:61543
Thu Mar 01 11:14:21 CET 2018;AAPL;5481;1000.0;/172.17.1.243:61528;/172.17.1.243:61543
Thu Mar 01 11:14:21 CET 2018;MSFT;1418;1000.0;/172.17.1.243:61556;/172.17.1.243:61528
Thu Mar 01 11:14:21 CET 2018;IBM;4137;1000.0;/172.17.1.243:61528;/172.17.1.243:61549
Thu Mar 01 11:14:21 CET 2018;IBM;4006;1000.0;/172.17.1.243:61528;/172.17.1.243:61543
Thu Mar 01 11:14:21 CET 2018;IBM;1308;1000.0;/172.17.1.243:61528;/172.17.1.243:61528
Thu Mar 01 11:14:21 CET 2018;IBM;9130;1000.0;/172.17.1.243:61528;/172.17.1.243:61537
Thu Mar 01 11:14:21 CET 2018;IBM;1948;1000.0;/172.17.1.243:61528;/172.17.1.243:61549
Thu Mar 01 11:14:21 CET 2018;IBM;6912;1000.0;/172.17.1.243:61549;/172.17.1.243:61528
Thu Mar 01 11:14:21 CET 2018;AAPL;8990;1000.0;/172.17.1.243:61528;/172.17.1.243:61528
Thu Mar 01 11:14:21 CET 2018;IBM;8924;1000.0;/172.17.1.243:61549;/172.17.1.243:61556
Thu Mar 01 11:14:21 CET 2018;IBM;1978;1000.0;/172.17.1.243:61543;/172.17.1.243:61556
Thu Mar 01 11:14:21 CET 2018;MSFT;700;1000.0;/172.17.1.243:61543;/172.17.1.243:61528
Thu Mar 01 11:14:21 CET 2018;IBM;2754;1000.0;/172.17.1.243:61537;/172.17.1.243:61543
Thu Mar 01 11:14:21 CET 2018;IBM;928;1000.0;/172.17.1.243:61537;/172.17.1.243:61528
Thu Mar 01 11:14:21 CET 2018;AAPL;2456;1000.0;/172.17.1.243:61543;/172.17.1.243:61543
Thu Mar 01 11:14:21 CET 2018;IBM;8469;1000.0;/172.17.1.243:61543;/172.17.1.243:61528
Thu Mar 01 11:14:21 CET 2018;MSFT;4718;1000.0;/172.17.1.243:61556;/172.17.1.243:61528
Thu Mar 01 11:14:21 CET 2018;IBM;4175;1000.0;/172.17.1.243:61537;/172.17.1.243:61543
Thu Mar 01 11:14:21 CET 2018;IBM;4257;1000.0;/172.17.1.243:61528;/172.17.1.243:61543
Thu Mar 01 11:14:21 CET 2018;IBM;7167;1000.0;/172.17.1.243:61549;/172.17.1.243:61543
Thu Mar 01 11:14:21 CET 2018;MSFT;5306;1000.0;/172.17.1.243:61537;/172.17.1.243:61528
Thu Mar 01 11:14:21 CET 2018;IBM;7214;1000.0;/172.17.1.243:61543;/172.17.1.243:61543
Thu Mar 01 11:14:21 CET 2018;AAPL;4967;1000.0;/172.17.1.243:61549;/172.17.1.243:61528
Thu Mar 01 11:14:21 CET 2018;AAPL;843;1000.0;/172.17.1.243:61528;/172.17.1.243:61543
Thu Mar 01 11:14:21 CET 2018;AAPL;7987;1000.0;/172.17.1.243:61537;/172.17.1.243:61549
Thu Mar 01 11:14:21 CET 2018;MSFT;5439;1000.0;/172.17.1.243:61556;/172.17.1.243:61543
Thu Mar 01 11:14:21 CET 2018;MSFT;6009;1000.0;/172.17.1.243:61543;/172.17.1.243:61528
Thu Mar 01 11:14:21 CET 2018;AAPL;5721;1000.0;/172.17.1.243:61543;/172.17.1.243:61556
Thu Mar 01 11:14:21 CET 2018;MSFT;7207;1000.0;/172.17.1.243:61543;/172.17.1.243:61528
Thu Mar 01 11:14:21 CET 2018;IBM;5225;1000.0;/172.17.1.243:61549;/172.17.1.243:61549
Thu Mar 01 11:14:21 CET 2018;MSFT;7464;1000.0;/172.17.1.243:61528;/172.17.1.243:61537
Thu Mar 01 11:14:21 CET 2018;MSFT;3854;1000.0;/172.17.1.243:61537;/172.17.1.243:61543
Thu Mar 01 11:14:21 CET 2018;AAPL;1397;1000.0;/172.17.1.243:61543;/172.17.1.243:61537
Thu Mar 01 11:14:21 CET 2018;AAPL;827;1000.0;/172.17.1.243:61556;/172.17.1.243:61528
Thu Mar 01 11:14:21 CET 2018;AAPL;2456;1000.0;/172.17.1.243:61556;/172.17.1.243:61556
Thu Mar 01 11:14:21 CET 2018;AAPL;4281;1000.0;/172.17.1.243:61543;/172.17.1.243:61537
Thu Mar 01 11:14:21 CET 2018;AAPL;4467;1000.0;/172.17.1.243:61528;/172.17.1.243:61537
Thu Mar 01 11:14:21 CET 2018;AAPL;346;1000.0;/172.17.1.243:61543;/172.17.1.243:61537
Thu Mar 01 11:14:21 CET 2018;AAPL;4877;1000.0;/172.17.1.243:61537;/172.17.1.243:61537
Thu Mar 01 11:14:21 CET 2018;AAPL;1324;1000.0;/172.17.1.243:61549;/172.17.1.243:61549
Thu Mar 01 11:14:21 CET 2018;MSFT;2582;1000.0;/172.17.1.243:61556;/172.17.1.243:61549
Thu Mar 01 11:14:21 CET 2018;IBM;6170;1000.0;/172.17.1.243:61543;/172.17.1.243:61537
Thu Mar 01 11:14:21 CET 2018;MSFT;6898;1000.0;/172.17.1.243:61537;/172.17.1.243:61549
Thu Mar 01 11:14:21 CET 2018;MSFT;7255;1000.0;/172.17.1.243:61528;/172.17.1.243:61549
Thu Mar 01 11:14:21 CET 2018;IBM;2944;1000.0;/172.17.1.243:61549;/172.17.1.243:61537
Thu Mar 01 11:14:21 CET 2018;AAPL;9822;1000.0;/172.17.1.243:61543;/172.17.1.243:61537
Thu Mar 01 11:14:21 CET 2018;IBM;4347;1000.0;/172.17.1.243:61549;/172.17.1.243:61543
Thu Mar 01 11:14:21 CET 2018;AAPL;8028;1000.0;/172.17.1.243:61543;/172.17.1.243:61543
Thu Mar 01 11:14:21 CET 2018;IBM;8504;1000.0;/172.17.1.243:61537;/172.17.1.243:61537
Thu Mar 01 11:14:21 CET 2018;AAPL;698;1000.0;/172.17.1.243:61556;/172.17.1.243:61528
Thu Mar 01 11:14:21 CET 2018;IBM;118;1000.0;/172.17.1.243:61543;/172.17.1.243:61556
Thu Mar 01 11:14:21 CET 2018;MSFT;3134;1000.0;/172.17.1.243:61537;/172.17.1.243:61556
Thu Mar 01 11:14:21 CET 2018;IBM;5026;1000.0;/172.17.1.243:61549;/172.17.1.243:61549
Thu Mar 01 11:14:21 CET 2018;MSFT;3809;1000.0;/172.17.1.243:61543;/172.17.1.243:61556
Thu Mar 01 11:14:21 CET 2018;MSFT;4733;1000.0;/172.17.1.243:61528;/172.17.1.243:61528
Thu Mar 01 11:14:21 CET 2018;MSFT;1336;1000.0;/172.17.1.243:61549;/172.17.1.243:61537
Thu Mar 01 11:14:21 CET 2018;IBM;267;1000.0;/172.17.1.243:61556;/172.17.1.243:61543
Thu Mar 01 11:14:22 CET 2018;AAPL;1310;1000.0;/172.17.1.243:61556;/172.17.1.243:61549
Thu Mar 01 11:14:22 CET 2018;AAPL;2499;1000.0;/172.17.1.243:61556;/172.17.1.243:61556
Thu Mar 01 11:14:22 CET 2018;MSFT;2626;1000.0;/172.17.1.243:61543;/172.17.1.243:61537
Thu Mar 01 11:14:22 CET 2018;IBM;9445;1000.0;/172.17.1.243:61543;/172.17.1.243:61543
Thu Mar 01 11:14:22 CET 2018;IBM;2718;1000.0;/172.17.1.243:61543;/172.17.1.243:61543
Thu Mar 01 11:14:22 CET 2018;AAPL;441;1000.0;/172.17.1.243:61543;/172.17.1.243:61528
Thu Mar 01 11:14:22 CET 2018;AAPL;8733;1000.0;/172.17.1.243:61543;/172.17.1.243:61556
Thu Mar 01 11:14:22 CET 2018;IBM;7666;1000.0;/172.17.1.243:61556;/172.17.1.243:61528
Thu Mar 01 11:14:22 CET 2018;MSFT;501;1000.0;/172.17.1.243:61543;/172.17.1.243:61528
Thu Mar 01 11:14:22 CET 2018;AAPL;6523;1000.0;/172.17.1.243:61537;/172.17.1.243:61528
Thu Mar 01 11:14:22 CET 2018;MSFT;7517;1000.0;/172.17.1.243:61549;/172.17.1.243:61556
Thu Mar 01 11:14:22 CET 2018;AAPL;2293;1000.0;/172.17.1.243:61556;/172.17.1.243:61556
Thu Mar 01 11:14:22 CET 2018;IBM;4351;1000.0;/172.17.1.243:61528;/172.17.1.243:61543
Thu Mar 01 11:14:22 CET 2018;MSFT;5639;1000.0;/172.17.1.243:61543;/172.17.1.243:61537
Thu Mar 01 11:14:22 CET 2018;MSFT;5146;1000.0;/172.17.1.243:61537;/172.17.1.243:61528
Thu Mar 01 11:14:22 CET 2018;IBM;4834;1000.0;/172.17.1.243:61528;/172.17.1.243:61543
Thu Mar 01 11:14:22 CET 2018;MSFT;2643;1000.0;/172.17.1.243:61543;/172.17.1.243:61556
Thu Mar 01 11:14:22 CET 2018;IBM;6887;1000.0;/172.17.1.243:61537;/172.17.1.243:61556
Thu Mar 01 11:14:22 CET 2018;MSFT;3607;1000.0;/172.17.1.243:61543;/172.17.1.243:61556
Thu Mar 01 11:14:22 CET 2018;MSFT;5337;1000.0;/172.17.1.243:61537;/172.17.1.243:61556
Thu Mar 01 11:14:22 CET 2018;IBM;22;1000.0;/172.17.1.243:61549;/172.17.1.243:61556
Thu Mar 01 11:14:22 CET 2018;IBM;2330;1000.0;/172.17.1.243:61556;/172.17.1.243:61537
Thu Mar 01 11:14:22 CET 2018;IBM;2119;1000.0;/172.17.1.243:61528;/172.17.1.243:61543
Thu Mar 01 11:14:22 CET 2018;IBM;1463;1000.0;/172.17.1.243:61537;/172.17.1.243:61543
Thu Mar 01 11:14:22 CET 2018;MSFT;4930;1000.0;/172.17.1.243:61556;/172.17.1.243:61549
Thu Mar 01 11:14:22 CET 2018;MSFT;182;1000.0;/172.17.1.243:61528;/172.17.1.243:61556
Thu Mar 01 11:14:22 CET 2018;IBM;7185;1000.0;/172.17.1.243:61543;/172.17.1.243:61556
Thu Mar 01 11:14:22 CET 2018;MSFT;4115;1000.0;/172.17.1.243:61528;/172.17.1.243:61528
Thu Mar 01 11:14:22 CET 2018;AAPL;7304;1000.0;/172.17.1.243:61528;/172.17.1.243:61556
Thu Mar 01 11:14:22 CET 2018;AAPL;6643;1000.0;/172.17.1.243:61549;/172.17.1.243:61556
Thu Mar 01 11:14:22 CET 2018;MSFT;339;1000.0;/172.17.1.243:61528;/172.17.1.243:61537
Thu Mar 01 11:14:22 CET 2018;IBM;8394;1000.0;/172.17.1.243:61543;/172.17.1.243:61528
Thu Mar 01 11:14:22 CET 2018;MSFT;552;1000.0;/172.17.1.243:61556;/172.17.1.243:61537
Thu Mar 01 11:14:22 CET 2018;IBM;980;1000.0;/172.17.1.243:61528;/172.17.1.243:61556
Thu Mar 01 11:14:22 CET 2018;IBM;9034;1000.0;/172.17.1.243:61543;/172.17.1.243:61543
Thu Mar 01 11:14:22 CET 2018;MSFT;7240;1000.0;/172.17.1.243:61549;/172.17.1.243:61549
Thu Mar 01 11:14:22 CET 2018;MSFT;8000;1000.0;/172.17.1.243:61528;/172.17.1.243:61549
Thu Mar 01 11:14:22 CET 2018;AAPL;446;1000.0;/172.17.1.243:61543;/172.17.1.243:61549
Thu Mar 01 11:14:22 CET 2018;AAPL;6036;1000.0;/172.17.1.243:61537;/172.17.1.243:61549
Thu Mar 01 11:14:22 CET 2018;MSFT;9078;1000.0;/172.17.1.243:61537;/172.17.1.243:61549
Thu Mar 01 11:14:22 CET 2018;AAPL;9348;1000.0;/172.17.1.243:61543;/172.17.1.243:61556
Thu Mar 01 11:14:22 CET 2018;MSFT;1425;1000.0;/172.17.1.243:61537;/172.17.1.243:61528
Thu Mar 01 11:14:22 CET 2018;MSFT;5408;1000.0;/172.17.1.243:61528;/172.17.1.243:61528
Thu Mar 01 11:14:22 CET 2018;MSFT;3072;1000.0;/172.17.1.243:61543;/172.17.1.243:61528
Thu Mar 01 11:14:22 CET 2018;IBM;8066;1000.0;/172.17.1.243:61556;/172.17.1.243:61549
Thu Mar 01 11:14:22 CET 2018;IBM;5226;1000.0;/172.17.1.243:61543;/172.17.1.243:61556
Thu Mar 01 11:14:22 CET 2018;AAPL;324;1000.0;/172.17.1.243:61528;/172.17.1.243:61528
Thu Mar 01 11:14:22 CET 2018;IBM;2548;1000.0;/172.17.1.243:61537;/172.17.1.243:61537
Thu Mar 01 11:14:22 CET 2018;IBM;7910;1000.0;/172.17.1.243:61543;/172.17.1.243:61537
Thu Mar 01 11:14:22 CET 2018;MSFT;247;1000.0;/172.17.1.243:61556;/172.17.1.243:61537
Thu Mar 01 11:14:22 CET 2018;IBM;2821;1000.0;/172.17.1.243:61528;/172.17.1.243:61543
Thu Mar 01 11:14:22 CET 2018;AAPL;8146;1000.0;/172.17.1.243:61549;/172.17.1.243:61556
Thu Mar 01 11:14:22 CET 2018;AAPL;2184;1000.0;/172.17.1.243:61537;/172.17.1.243:61528
Thu Mar 01 11:14:22 CET 2018;MSFT;6965;1000.0;/172.17.1.243:61543;/172.17.1.243:61537
Thu Mar 01 11:14:22 CET 2018;IBM;2523;1000.0;/172.17.1.243:61556;/172.17.1.243:61543
Thu Mar 01 11:14:22 CET 2018;AAPL;4991;1000.0;/172.17.1.243:61543;/172.17.1.243:61549
Thu Mar 01 11:14:22 CET 2018;AAPL;5864;1000.0;/172.17.1.243:61528;/172.17.1.243:61528
Thu Mar 01 11:14:22 CET 2018;IBM;8057;1000.0;/172.17.1.243:61537;/172.17.1.243:61537
Thu Mar 01 11:14:22 CET 2018;AAPL;3576;1000.0;/172.17.1.243:61549;/172.17.1.243:61543
Thu Mar 01 11:14:22 CET 2018;MSFT;4150;1000.0;/172.17.1.243:61543;/172.17.1.243:61549
Thu Mar 01 11:14:22 CET 2018;MSFT;5071;1000.0;/172.17.1.243:61528;/172.17.1.243:61537
Thu Mar 01 11:14:22 CET 2018;IBM;8667;1000.0;/172.17.1.243:61549;/172.17.1.243:61556
Thu Mar 01 11:14:22 CET 2018;MSFT;8738;1000.0;/172.17.1.243:61543;/172.17.1.243:61549
Thu Mar 01 11:14:22 CET 2018;AAPL;6399;1000.0;/172.17.1.243:61537;/172.17.1.243:61537
Thu Mar 01 11:14:22 CET 2018;AAPL;6763;1000.0;/172.17.1.243:61528;/172.17.1.243:61537
Thu Mar 01 11:14:22 CET 2018;MSFT;3120;1000.0;/172.17.1.243:61556;/172.17.1.243:61543
Thu Mar 01 11:14:22 CET 2018;MSFT;7578;1000.0;/172.17.1.243:61549;/172.17.1.243:61537
Thu Mar 01 11:14:22 CET 2018;AAPL;1843;1000.0;/172.17.1.243:61543;/172.17.1.243:61549
Thu Mar 01 11:14:22 CET 2018;MSFT;1532;1000.0;/172.17.1.243:61556;/172.17.1.243:61556
Thu Mar 01 11:14:22 CET 2018;MSFT;4007;1000.0;/172.17.1.243:61549;/172.17.1.243:61556
Thu Mar 01 11:14:22 CET 2018;IBM;3378;1000.0;/172.17.1.243:61537;/172.17.1.243:61543
Thu Mar 01 11:14:22 CET 2018;MSFT;4158;1000.0;/172.17.1.243:61528;/172.17.1.243:61549
Thu Mar 01 11:14:22 CET 2018;MSFT;705;1000.0;/172.17.1.243:61543;/172.17.1.243:61543
Thu Mar 01 11:14:22 CET 2018;MSFT;2787;1000.0;/172.17.1.243:61528;/172.17.1.243:61549
Thu Mar 01 11:14:22 CET 2018;MSFT;1775;1000.0;/172.17.1.243:61556;/172.17.1.243:61549
Thu Mar 01 11:14:22 CET 2018;MSFT;5528;1000.0;/172.17.1.243:61537;/172.17.1.243:61537
Thu Mar 01 11:14:22 CET 2018;AAPL;5008;1000.0;/172.17.1.243:61528;/172.17.1.243:61528
Thu Mar 01 11:14:22 CET 2018;AAPL;1546;1000.0;/172.17.1.243:61556;/172.17.1.243:61556
Thu Mar 01 11:14:22 CET 2018;AAPL;8973;1000.0;/172.17.1.243:61543;/172.17.1.243:61556
Thu Mar 01 11:14:22 CET 2018;AAPL;3759;1000.0;/172.17.1.243:61537;/172.17.1.243:61537
Thu Mar 01 11:14:22 CET 2018;MSFT;9291;1000.0;/172.17.1.243:61549;/172.17.1.243:61549
Thu Mar 01 11:14:22 CET 2018;MSFT;7245;1000.0;/172.17.1.243:61556;/172.17.1.243:61537
Thu Mar 01 11:14:22 CET 2018;AAPL;7302;1000.0;/172.17.1.243:61549;/172.17.1.243:61528
Thu Mar 01 11:14:22 CET 2018;MSFT;8740;1000.0;/172.17.1.243:61528;/172.17.1.243:61556
Thu Mar 01 11:14:22 CET 2018;IBM;2202;1000.0;/172.17.1.243:61537;/172.17.1.243:61543
Thu Mar 01 11:14:22 CET 2018;AAPL;7090;1000.0;/172.17.1.243:61556;/172.17.1.243:61537
Thu Mar 01 11:14:22 CET 2018;AAPL;4290;1000.0;/172.17.1.243:61543;/172.17.1.243:61537
Thu Mar 01 11:14:22 CET 2018;MSFT;9269;1000.0;/172.17.1.243:61537;/172.17.1.243:61543
Thu Mar 01 11:14:22 CET 2018;MSFT;3581;1000.0;/172.17.1.243:61537;/172.17.1.243:61528
Thu Mar 01 11:14:22 CET 2018;AAPL;4276;1000.0;/172.17.1.243:61537;/172.17.1.243:61543
Thu Mar 01 11:14:22 CET 2018;AAPL;4839;1000.0;/172.17.1.243:61537;/172.17.1.243:61537
Thu Mar 01 11:14:22 CET 2018;MSFT;1748;1000.0;/172.17.1.243:61543;/172.17.1.243:61543
Thu Mar 01 11:14:22 CET 2018;IBM;151;1000.0;/172.17.1.243:61528;/172.17.1.243:61528
Thu Mar 01 11:14:22 CET 2018;IBM;3669;1000.0;/172.17.1.243:61549;/172.17.1.243:61528
Thu Mar 01 11:14:22 CET 2018;MSFT;4865;1000.0;/172.17.1.243:61556;/172.17.1.243:61549
Thu Mar 01 11:14:22 CET 2018;AAPL;3349;1000.0;/172.17.1.243:61537;/172.17.1.243:61528
Thu Mar 01 11:14:22 CET 2018;AAPL;4374;1000.0;/172.17.1.243:61528;/172.17.1.243:61556
Thu Mar 01 11:14:22 CET 2018;AAPL;2868;1000.0;/172.17.1.243:61556;/172.17.1.243:61528
Thu Mar 01 11:14:22 CET 2018;AAPL;8583;1000.0;/172.17.1.243:61549;/172.17.1.243:61549
Thu Mar 01 11:14:22 CET 2018;MSFT;8619;1000.0;/172.17.1.243:61543;/172.17.1.243:61528
Thu Mar 01 11:14:22 CET 2018;MSFT;8565;1000.0;/172.17.1.243:61549;/172.17.1.243:61549
Thu Mar 01 11:14:22 CET 2018;IBM;1811;1000.0;/172.17.1.243:61528;/172.17.1.243:61537
Thu Mar 01 11:14:22 CET 2018;IBM;1979;1000.0;/172.17.1.243:61556;/172.17.1.243:61537
Thu Mar 01 11:14:22 CET 2018;MSFT;1187;1000.0;/172.17.1.243:61543;/172.17.1.243:61543
Thu Mar 01 11:14:22 CET 2018;AAPL;7477;1000.0;/172.17.1.243:61537;/172.17.1.243:61556
Thu Mar 01 11:14:22 CET 2018;AAPL;8769;1000.0;/172.17.1.243:61549;/172.17.1.243:61537
Thu Mar 01 11:14:22 CET 2018;IBM;1107;1000.0;/172.17.1.243:61556;/172.17.1.243:61528
Thu Mar 01 11:14:22 CET 2018;MSFT;5562;1000.0;/172.17.1.243:61543;/172.17.1.243:61537
Thu Mar 01 11:14:22 CET 2018;MSFT;1106;1000.0;/172.17.1.243:61537;/172.17.1.243:61537
Thu Mar 01 11:14:22 CET 2018;IBM;5132;1000.0;/172.17.1.243:61528;/172.17.1.243:61543
Thu Mar 01 11:14:22 CET 2018;MSFT;7875;1000.0;/172.17.1.243:61556;/172.17.1.243:61549
Thu Mar 01 11:14:22 CET 2018;AAPL;4194;1000.0;/172.17.1.243:61543;/172.17.1.243:61549
Thu Mar 01 11:14:22 CET 2018;AAPL;2474;1000.0;/172.17.1.243:61537;/172.17.1.243:61543
Thu Mar 01 11:14:22 CET 2018;MSFT;5046;1000.0;/172.17.1.243:61528;/172.17.1.243:61543
Thu Mar 01 11:14:22 CET 2018;MSFT;5948;1000.0;/172.17.1.243:61549;/172.17.1.243:61543
Thu Mar 01 11:14:22 CET 2018;AAPL;7112;1000.0;/172.17.1.243:61549;/172.17.1.243:61556
Thu Mar 01 11:14:22 CET 2018;MSFT;5423;1000.0;/172.17.1.243:61556;/172.17.1.243:61528
Thu Mar 01 11:14:22 CET 2018;IBM;912;1000.0;/172.17.1.243:61543;/172.17.1.243:61556
Thu Mar 01 11:14:22 CET 2018;IBM;2723;1000.0;/172.17.1.243:61537;/172.17.1.243:61543
Thu Mar 01 11:14:22 CET 2018;IBM;5029;1000.0;/172.17.1.243:61549;/172.17.1.243:61537
Thu Mar 01 11:14:22 CET 2018;MSFT;8210;1000.0;/172.17.1.243:61537;/172.17.1.243:61528
Thu Mar 01 11:14:22 CET 2018;AAPL;3898;1000.0;/172.17.1.243:61556;/172.17.1.243:61537
Thu Mar 01 11:14:22 CET 2018;IBM;5863;1000.0;/172.17.1.243:61543;/172.17.1.243:61528
Thu Mar 01 11:14:22 CET 2018;MSFT;143;1000.0;/172.17.1.243:61528;/172.17.1.243:61549
Thu Mar 01 11:14:22 CET 2018;IBM;3074;1000.0;/172.17.1.243:61528;/172.17.1.243:61556
Thu Mar 01 11:14:22 CET 2018;AAPL;4832;1000.0;/172.17.1.243:61537;/172.17.1.243:61556
Thu Mar 01 11:14:22 CET 2018;AAPL;7107;1000.0;/172.17.1.243:61543;/172.17.1.243:61543
Thu Mar 01 11:14:22 CET 2018;AAPL;1432;1000.0;/172.17.1.243:61537;/172.17.1.243:61556
Thu Mar 01 11:14:22 CET 2018;MSFT;825;1000.0;/172.17.1.243:61537;/172.17.1.243:61537
Thu Mar 01 11:14:22 CET 2018;MSFT;1893;1000.0;/172.17.1.243:61537;/172.17.1.243:61537
Thu Mar 01 11:14:22 CET 2018;IBM;4594;1000.0;/172.17.1.243:61549;/172.17.1.243:61528
Thu Mar 01 11:14:22 CET 2018;AAPL;8709;1000.0;/172.17.1.243:61556;/172.17.1.243:61543
Thu Mar 01 11:14:22 CET 2018;AAPL;5816;1000.0;/172.17.1.243:61528;/172.17.1.243:61556
Thu Mar 01 11:14:22 CET 2018;MSFT;5080;1000.0;/172.17.1.243:61537;/172.17.1.243:61543
Thu Mar 01 11:14:22 CET 2018;AAPL;9497;1000.0;/172.17.1.243:61543;/172.17.1.243:61528
Thu Mar 01 11:14:22 CET 2018;AAPL;3976;1000.0;/172.17.1.243:61556;/172.17.1.243:61537
Thu Mar 01 11:14:22 CET 2018;IBM;2797;1000.0;/172.17.1.243:61549;/172.17.1.243:61528
Thu Mar 01 11:14:22 CET 2018;MSFT;2675;1000.0;/172.17.1.243:61537;/172.17.1.243:61537
Thu Mar 01 11:14:22 CET 2018;IBM;9173;1000.0;/172.17.1.243:61549;/172.17.1.243:61549
Thu Mar 01 11:14:22 CET 2018;MSFT;8647;1000.0;/172.17.1.243:61543;/172.17.1.243:61537
Thu Mar 01 11:14:22 CET 2018;IBM;2813;1000.0;/172.17.1.243:61549;/172.17.1.243:61549
Thu Mar 01 11:14:22 CET 2018;AAPL;2980;1000.0;/172.17.1.243:61528;/172.17.1.243:61556
Thu Mar 01 11:14:22 CET 2018;IBM;6921;1000.0;/172.17.1.243:61537;/172.17.1.243:61528
Thu Mar 01 11:14:22 CET 2018;AAPL;7871;1000.0;/172.17.1.243:61549;/172.17.1.243:61543
Thu Mar 01 11:14:22 CET 2018;IBM;7333;1000.0;/172.17.1.243:61528;/172.17.1.243:61537
Thu Mar 01 11:14:22 CET 2018;MSFT;4714;1000.0;/172.17.1.243:61556;/172.17.1.243:61543
Thu Mar 01 11:14:22 CET 2018;MSFT;644;1000.0;/172.17.1.243:61549;/172.17.1.243:61556
Thu Mar 01 11:14:22 CET 2018;AAPL;5775;1000.0;/172.17.1.243:61537;/172.17.1.243:61543
Thu Mar 01 11:14:22 CET 2018;AAPL;944;1000.0;/172.17.1.243:61543;/172.17.1.243:61537
Thu Mar 01 11:14:22 CET 2018;AAPL;8701;1000.0;/172.17.1.243:61549;/172.17.1.243:61543
Thu Mar 01 11:14:22 CET 2018;AAPL;3496;1000.0;/172.17.1.243:61556;/172.17.1.243:61556
Thu Mar 01 11:14:22 CET 2018;IBM;8980;1000.0;/172.17.1.243:61528;/172.17.1.243:61556
Thu Mar 01 11:14:22 CET 2018;MSFT;6282;1000.0;/172.17.1.243:61549;/172.17.1.243:61549
Thu Mar 01 11:14:22 CET 2018;IBM;311;1000.0;/172.17.1.243:61543;/172.17.1.243:61543
Thu Mar 01 11:14:22 CET 2018;AAPL;1958;1000.0;/172.17.1.243:61528;/172.17.1.243:61549
Thu Mar 01 11:14:22 CET 2018;AAPL;5226;1000.0;/172.17.1.243:61549;/172.17.1.243:61549
Thu Mar 01 11:14:22 CET 2018;MSFT;8639;1000.0;/172.17.1.243:61528;/172.17.1.243:61543
Thu Mar 01 11:14:22 CET 2018;MSFT;6051;1000.0;/172.17.1.243:61556;/172.17.1.243:61537
Thu Mar 01 11:14:22 CET 2018;AAPL;4565;1000.0;/172.17.1.243:61528;/172.17.1.243:61537
Thu Mar 01 11:14:22 CET 2018;IBM;1060;1000.0;/172.17.1.243:61549;/172.17.1.243:61556
Thu Mar 01 11:14:22 CET 2018;IBM;3950;1000.0;/172.17.1.243:61537;/172.17.1.243:61556
Thu Mar 01 11:14:22 CET 2018;MSFT;2288;1000.0;/172.17.1.243:61543;/172.17.1.243:61556
Thu Mar 01 11:14:22 CET 2018;MSFT;736;1000.0;/172.17.1.243:61528;/172.17.1.243:61556
Thu Mar 01 11:14:22 CET 2018;AAPL;8688;1000.0;/172.17.1.243:61537;/172.17.1.243:61556
Thu Mar 01 11:14:22 CET 2018;AAPL;9291;1000.0;/172.17.1.243:61549;/172.17.1.243:61549
Thu Mar 01 11:14:22 CET 2018;MSFT;4710;1000.0;/172.17.1.243:61528;/172.17.1.243:61556
Thu Mar 01 11:14:22 CET 2018;IBM;4795;1000.0;/172.17.1.243:61543;/172.17.1.243:61549
Thu Mar 01 11:14:22 CET 2018;IBM;5898;1000.0;/172.17.1.243:61543;/172.17.1.243:61528
Thu Mar 01 11:14:22 CET 2018;IBM;6167;1000.0;/172.17.1.243:61556;/172.17.1.243:61528
Thu Mar 01 11:14:22 CET 2018;MSFT;6108;1000.0;/172.17.1.243:61537;/172.17.1.243:61549
Thu Mar 01 11:14:22 CET 2018;IBM;1726;1000.0;/172.17.1.243:61528;/172.17.1.243:61543
Thu Mar 01 11:14:22 CET 2018;MSFT;1782;1000.0;/172.17.1.243:61537;/172.17.1.243:61528
Thu Mar 01 11:14:22 CET 2018;IBM;3351;1000.0;/172.17.1.243:61549;/172.17.1.243:61556
Thu Mar 01 11:14:22 CET 2018;AAPL;2950;1000.0;/172.17.1.243:61528;/172.17.1.243:61537
Thu Mar 01 11:14:22 CET 2018;IBM;7434;1000.0;/172.17.1.243:61543;/172.17.1.243:61543
Thu Mar 01 11:14:22 CET 2018;AAPL;6782;1000.0;/172.17.1.243:61556;/172.17.1.243:61556
Thu Mar 01 11:14:22 CET 2018;MSFT;3038;1000.0;/172.17.1.243:61543;/172.17.1.243:61543
Thu Mar 01 11:14:22 CET 2018;IBM;5240;1000.0;/172.17.1.243:61537;/172.17.1.243:61543
Thu Mar 01 11:14:22 CET 2018;MSFT;2213;1000.0;/172.17.1.243:61549;/172.17.1.243:61549
Thu Mar 01 11:14:22 CET 2018;MSFT;2715;1000.0;/172.17.1.243:61528;/172.17.1.243:61549
Thu Mar 01 11:14:23 CET 2018;IBM;9310;1000.0;/172.17.1.243:61528;/172.17.1.243:61537
Thu Mar 01 11:14:23 CET 2018;MSFT;4411;1000.0;/172.17.1.243:61543;/172.17.1.243:61543
Thu Mar 01 11:14:23 CET 2018;MSFT;4808;1000.0;/172.17.1.243:61537;/172.17.1.243:61543
Thu Mar 01 11:14:23 CET 2018;AAPL;3713;1000.0;/172.17.1.243:61549;/172.17.1.243:61543
Thu Mar 01 11:14:23 CET 2018;MSFT;6489;1000.0;/172.17.1.243:61543;/172.17.1.243:61528
Thu Mar 01 11:14:23 CET 2018;MSFT;8835;1000.0;/172.17.1.243:61528;/172.17.1.243:61549
Thu Mar 01 11:14:23 CET 2018;IBM;3943;1000.0;/172.17.1.243:61549;/172.17.1.243:61543
Thu Mar 01 11:14:23 CET 2018;AAPL;6167;1000.0;/172.17.1.243:61528;/172.17.1.243:61543
Thu Mar 01 11:14:23 CET 2018;MSFT;994;1000.0;/172.17.1.243:61537;/172.17.1.243:61549
Thu Mar 01 11:14:23 CET 2018;MSFT;1970;1000.0;/172.17.1.243:61537;/172.17.1.243:61537
Thu Mar 01 11:14:23 CET 2018;AAPL;2905;1000.0;/172.17.1.243:61556;/172.17.1.243:61537
Thu Mar 01 11:14:23 CET 2018;MSFT;7144;1000.0;/172.17.1.243:61549;/172.17.1.243:61549
Thu Mar 01 11:14:23 CET 2018;AAPL;2351;1000.0;/172.17.1.243:61528;/172.17.1.243:61528
Thu Mar 01 11:14:23 CET 2018;MSFT;4727;1000.0;/172.17.1.243:61556;/172.17.1.243:61528
Thu Mar 01 11:14:23 CET 2018;MSFT;1740;1000.0;/172.17.1.243:61543;/172.17.1.243:61537
Thu Mar 01 11:14:23 CET 2018;AAPL;3637;1000.0;/172.17.1.243:61549;/172.17.1.243:61556
Thu Mar 01 11:14:23 CET 2018;MSFT;8963;1000.0;/172.17.1.243:61543;/172.17.1.243:61543
Thu Mar 01 11:14:23 CET 2018;MSFT;530;1000.0;/172.17.1.243:61543;/172.17.1.243:61537
Thu Mar 01 11:14:23 CET 2018;AAPL;3878;1000.0;/172.17.1.243:61537;/172.17.1.243:61537
Thu Mar 01 11:14:23 CET 2018;IBM;718;1000.0;/172.17.1.243:61543;/172.17.1.243:61528
Thu Mar 01 11:14:23 CET 2018;IBM;5138;1000.0;/172.17.1.243:61543;/172.17.1.243:61543
Thu Mar 01 11:14:23 CET 2018;IBM;517;1000.0;/172.17.1.243:61528;/172.17.1.243:61528
Thu Mar 01 11:14:23 CET 2018;AAPL;3132;1000.0;/172.17.1.243:61543;/172.17.1.243:61543
Thu Mar 01 11:14:23 CET 2018;IBM;5050;1000.0;/172.17.1.243:61537;/172.17.1.243:61549
Thu Mar 01 11:14:23 CET 2018;AAPL;8656;1000.0;/172.17.1.243:61537;/172.17.1.243:61556
Thu Mar 01 11:14:23 CET 2018;MSFT;1200;1000.0;/172.17.1.243:61556;/172.17.1.243:61556
Thu Mar 01 11:14:23 CET 2018;MSFT;3763;1000.0;/172.17.1.243:61537;/172.17.1.243:61549
Thu Mar 01 11:14:23 CET 2018;AAPL;8251;1000.0;/172.17.1.243:61549;/172.17.1.243:61528
Thu Mar 01 11:14:23 CET 2018;AAPL;5921;1000.0;/172.17.1.243:61543;/172.17.1.243:61537
Thu Mar 01 11:14:23 CET 2018;IBM;6081;1000.0;/172.17.1.243:61556;/172.17.1.243:61549
Thu Mar 01 11:14:23 CET 2018;AAPL;3405;1000.0;/172.17.1.243:61528;/172.17.1.243:61528
Thu Mar 01 11:14:23 CET 2018;AAPL;4533;1000.0;/172.17.1.243:61549;/172.17.1.243:61556
Thu Mar 01 11:14:23 CET 2018;IBM;5587;1000.0;/172.17.1.243:61549;/172.17.1.243:61549
Thu Mar 01 11:14:23 CET 2018;MSFT;9202;1000.0;/172.17.1.243:61528;/172.17.1.243:61556
Thu Mar 01 11:14:23 CET 2018;AAPL;3181;1000.0;/172.17.1.243:61537;/172.17.1.243:61528
Thu Mar 01 11:14:23 CET 2018;MSFT;4458;1000.0;/172.17.1.243:61543;/172.17.1.243:61537
Thu Mar 01 11:14:23 CET 2018;AAPL;4851;1000.0;/172.17.1.243:61556;/172.17.1.243:61537
Thu Mar 01 11:14:23 CET 2018;AAPL;5889;1000.0;/172.17.1.243:61549;/172.17.1.243:61556
Thu Mar 01 11:14:23 CET 2018;IBM;849;1000.0;/172.17.1.243:61543;/172.17.1.243:61537
Thu Mar 01 11:14:23 CET 2018;IBM;6118;1000.0;/172.17.1.243:61556;/172.17.1.243:61543
Thu Mar 01 11:14:23 CET 2018;AAPL;1983;1000.0;/172.17.1.243:61537;/172.17.1.243:61537
Thu Mar 01 11:14:23 CET 2018;MSFT;4680;1000.0;/172.17.1.243:61549;/172.17.1.243:61537
Thu Mar 01 11:14:23 CET 2018;AAPL;895;1000.0;/172.17.1.243:61543;/172.17.1.243:61528
Thu Mar 01 11:14:23 CET 2018;MSFT;5229;1000.0;/172.17.1.243:61528;/172.17.1.243:61549
Thu Mar 01 11:14:23 CET 2018;IBM;4406;1000.0;/172.17.1.243:61556;/172.17.1.243:61537
Thu Mar 01 11:14:23 CET 2018;AAPL;4167;1000.0;/172.17.1.243:61543;/172.17.1.243:61528
Thu Mar 01 11:14:23 CET 2018;MSFT;1662;1000.0;/172.17.1.243:61556;/172.17.1.243:61543
Thu Mar 01 11:14:23 CET 2018;AAPL;195;1000.0;/172.17.1.243:61549;/172.17.1.243:61528
Thu Mar 01 11:14:23 CET 2018;IBM;652;1000.0;/172.17.1.243:61537;/172.17.1.243:61537
Thu Mar 01 11:14:23 CET 2018;IBM;1106;1000.0;/172.17.1.243:61528;/172.17.1.243:61528
Thu Mar 01 11:14:23 CET 2018;IBM;8780;1000.0;/172.17.1.243:61556;/172.17.1.243:61537
Thu Mar 01 11:14:23 CET 2018;MSFT;3515;1000.0;/172.17.1.243:61543;/172.17.1.243:61549
Thu Mar 01 11:14:23 CET 2018;MSFT;7741;1000.0;/172.17.1.243:61549;/172.17.1.243:61543
Thu Mar 01 11:14:23 CET 2018;IBM;8379;1000.0;/172.17.1.243:61537;/172.17.1.243:61543
Thu Mar 01 11:14:23 CET 2018;AAPL;7103;1000.0;/172.17.1.243:61549;/172.17.1.243:61543
Thu Mar 01 11:14:23 CET 2018;AAPL;5979;1000.0;/172.17.1.243:61528;/172.17.1.243:61543
Thu Mar 01 11:14:23 CET 2018;AAPL;3758;1000.0;/172.17.1.243:61556;/172.17.1.243:61549
Thu Mar 01 11:14:23 CET 2018;IBM;4349;1000.0;/172.17.1.243:61537;/172.17.1.243:61556
Thu Mar 01 11:14:23 CET 2018;IBM;1817;1000.0;/172.17.1.243:61543;/172.17.1.243:61549
Thu Mar 01 11:14:23 CET 2018;MSFT;9114;1000.0;/172.17.1.243:61556;/172.17.1.243:61556
Thu Mar 01 11:14:23 CET 2018;IBM;555;1000.0;/172.17.1.243:61537;/172.17.1.243:61528
Thu Mar 01 11:14:23 CET 2018;AAPL;380;1000.0;/172.17.1.243:61549;/172.17.1.243:61528
Thu Mar 01 11:14:23 CET 2018;IBM;576;1000.0;/172.17.1.243:61543;/172.17.1.243:61528
Thu Mar 01 11:14:23 CET 2018;MSFT;298;1000.0;/172.17.1.243:61537;/172.17.1.243:61543
Thu Mar 01 11:14:23 CET 2018;IBM;6843;1000.0;/172.17.1.243:61556;/172.17.1.243:61549
Thu Mar 01 11:14:23 CET 2018;AAPL;6486;1000.0;/172.17.1.243:61556;/172.17.1.243:61556
Thu Mar 01 11:14:23 CET 2018;AAPL;5212;1000.0;/172.17.1.243:61537;/172.17.1.243:61537
Thu Mar 01 11:14:23 CET 2018;IBM;4609;1000.0;/172.17.1.243:61543;/172.17.1.243:61543
Thu Mar 01 11:14:23 CET 2018;MSFT;6619;1000.0;/172.17.1.243:61528;/172.17.1.243:61528
Thu Mar 01 11:14:23 CET 2018;AAPL;3313;1000.0;/172.17.1.243:61537;/172.17.1.243:61528
Thu Mar 01 11:14:23 CET 2018;AAPL;7917;1000.0;/172.17.1.243:61543;/172.17.1.243:61528
Thu Mar 01 11:14:23 CET 2018;AAPL;8178;1000.0;/172.17.1.243:61549;/172.17.1.243:61528
Thu Mar 01 11:14:23 CET 2018;AAPL;9101;1000.0;/172.17.1.243:61528;/172.17.1.243:61528
Thu Mar 01 11:14:23 CET 2018;AAPL;2193;1000.0;/172.17.1.243:61556;/172.17.1.243:61537
Thu Mar 01 11:14:23 CET 2018;AAPL;6572;1000.0;/172.17.1.243:61537;/172.17.1.243:61549
Thu Mar 01 11:14:23 CET 2018;MSFT;1193;1000.0;/172.17.1.243:61543;/172.17.1.243:61556
Thu Mar 01 11:14:23 CET 2018;AAPL;2649;1000.0;/172.17.1.243:61528;/172.17.1.243:61549
Thu Mar 01 11:14:23 CET 2018;AAPL;5530;1000.0;/172.17.1.243:61549;/172.17.1.243:61556
Thu Mar 01 11:14:23 CET 2018;IBM;5297;1000.0;/172.17.1.243:61537;/172.17.1.243:61543
Thu Mar 01 11:14:23 CET 2018;IBM;8027;1000.0;/172.17.1.243:61556;/172.17.1.243:61549
Thu Mar 01 11:14:23 CET 2018;IBM;1931;1000.0;/172.17.1.243:61537;/172.17.1.243:61543
Thu Mar 01 11:14:23 CET 2018;AAPL;6954;1000.0;/172.17.1.243:61549;/172.17.1.243:61549
Thu Mar 01 11:14:23 CET 2018;MSFT;1237;1000.0;/172.17.1.243:61556;/172.17.1.243:61543
Thu Mar 01 11:14:23 CET 2018;IBM;1506;1000.0;/172.17.1.243:61543;/172.17.1.243:61537
Thu Mar 01 11:14:23 CET 2018;AAPL;2557;1000.0;/172.17.1.243:61537;/172.17.1.243:61543
Thu Mar 01 11:14:23 CET 2018;IBM;9480;1000.0;/172.17.1.243:61543;/172.17.1.243:61543
Thu Mar 01 11:14:23 CET 2018;AAPL;2198;1000.0;/172.17.1.243:61549;/172.17.1.243:61537
Thu Mar 01 11:14:23 CET 2018;IBM;2905;1000.0;/172.17.1.243:61528;/172.17.1.243:61549
Thu Mar 01 11:14:23 CET 2018;IBM;2060;1000.0;/172.17.1.243:61556;/172.17.1.243:61543
Thu Mar 01 11:14:23 CET 2018;AAPL;2550;1000.0;/172.17.1.243:61549;/172.17.1.243:61549
Thu Mar 01 11:14:23 CET 2018;MSFT;3524;1000.0;/172.17.1.243:61537;/172.17.1.243:61543
Thu Mar 01 11:14:23 CET 2018;IBM;8811;1000.0;/172.17.1.243:61556;/172.17.1.243:61543
Thu Mar 01 11:14:23 CET 2018;AAPL;4099;1000.0;/172.17.1.243:61528;/172.17.1.243:61537
Thu Mar 01 11:14:23 CET 2018;MSFT;7425;1000.0;/172.17.1.243:61537;/172.17.1.243:61543
Thu Mar 01 11:14:23 CET 2018;MSFT;9011;1000.0;/172.17.1.243:61543;/172.17.1.243:61543
Thu Mar 01 11:14:23 CET 2018;MSFT;7389;1000.0;/172.17.1.243:61556;/172.17.1.243:61549
Thu Mar 01 11:14:23 CET 2018;IBM;6621;1000.0;/172.17.1.243:61543;/172.17.1.243:61549
Thu Mar 01 11:14:23 CET 2018;IBM;588;1000.0;/172.17.1.243:61556;/172.17.1.243:61549
Thu Mar 01 11:14:23 CET 2018;MSFT;3938;1000.0;/172.17.1.243:61537;/172.17.1.243:61556
Thu Mar 01 11:14:23 CET 2018;IBM;9442;1000.0;/172.17.1.243:61528;/172.17.1.243:61528
Thu Mar 01 11:14:23 CET 2018;AAPL;469;1000.0;/172.17.1.243:61556;/172.17.1.243:61549
Thu Mar 01 11:14:23 CET 2018;IBM;6026;1000.0;/172.17.1.243:61549;/172.17.1.243:61549
Thu Mar 01 11:14:23 CET 2018;IBM;3070;1000.0;/172.17.1.243:61556;/172.17.1.243:61549
Thu Mar 01 11:14:23 CET 2018;MSFT;5129;1000.0;/172.17.1.243:61528;/172.17.1.243:61556
Thu Mar 01 11:14:23 CET 2018;IBM;4151;1000.0;/172.17.1.243:61537;/172.17.1.243:61543
Thu Mar 01 11:14:23 CET 2018;IBM;2655;1000.0;/172.17.1.243:61543;/172.17.1.243:61528
Thu Mar 01 11:14:23 CET 2018;IBM;6260;1000.0;/172.17.1.243:61556;/172.17.1.243:61528
Thu Mar 01 11:14:23 CET 2018;MSFT;1620;1000.0;/172.17.1.243:61549;/172.17.1.243:61549
Thu Mar 01 11:14:23 CET 2018;IBM;3881;1000.0;/172.17.1.243:61537;/172.17.1.243:61556
Thu Mar 01 11:14:23 CET 2018;AAPL;3289;1000.0;/172.17.1.243:61543;/172.17.1.243:61543
Thu Mar 01 11:14:23 CET 2018;MSFT;4722;1000.0;/172.17.1.243:61528;/172.17.1.243:61528
Thu Mar 01 11:14:23 CET 2018;AAPL;3076;1000.0;/172.17.1.243:61549;/172.17.1.243:61543
Thu Mar 01 11:14:23 CET 2018;AAPL;5463;1000.0;/172.17.1.243:61543;/172.17.1.243:61556
Thu Mar 01 11:14:23 CET 2018;IBM;7045;1000.0;/172.17.1.243:61556;/172.17.1.243:61549
Thu Mar 01 11:14:23 CET 2018;IBM;2795;1000.0;/172.17.1.243:61528;/172.17.1.243:61543
Thu Mar 01 11:14:23 CET 2018;IBM;732;1000.0;/172.17.1.243:61543;/172.17.1.243:61549
Thu Mar 01 11:14:23 CET 2018;AAPL;3218;1000.0;/172.17.1.243:61549;/172.17.1.243:61543
Thu Mar 01 11:14:23 CET 2018;AAPL;5153;1000.0;/172.17.1.243:61528;/172.17.1.243:61528
Thu Mar 01 11:14:23 CET 2018;IBM;5135;1000.0;/172.17.1.243:61556;/172.17.1.243:61537
Thu Mar 01 11:14:23 CET 2018;MSFT;1720;1000.0;/172.17.1.243:61537;/172.17.1.243:61537
Thu Mar 01 11:14:23 CET 2018;MSFT;1220;1000.0;/172.17.1.243:61528;/172.17.1.243:61537
Thu Mar 01 11:14:23 CET 2018;MSFT;2869;1000.0;/172.17.1.243:61528;/172.17.1.243:61549
Thu Mar 01 11:14:23 CET 2018;AAPL;5873;1000.0;/172.17.1.243:61537;/172.17.1.243:61528
Thu Mar 01 11:14:23 CET 2018;AAPL;5719;1000.0;/172.17.1.243:61543;/172.17.1.243:61537
Thu Mar 01 11:14:23 CET 2018;MSFT;5041;1000.0;/172.17.1.243:61549;/172.17.1.243:61549
Thu Mar 01 11:14:23 CET 2018;AAPL;6706;1000.0;/172.17.1.243:61528;/172.17.1.243:61537
Thu Mar 01 11:14:23 CET 2018;AAPL;101;1000.0;/172.17.1.243:61543;/172.17.1.243:61543
Thu Mar 01 11:14:23 CET 2018;MSFT;5317;1000.0;/172.17.1.243:61537;/172.17.1.243:61537
Thu Mar 01 11:14:23 CET 2018;MSFT;3500;1000.0;/172.17.1.243:61556;/172.17.1.243:61537
Thu Mar 01 11:14:23 CET 2018;IBM;444;1000.0;/172.17.1.243:61528;/172.17.1.243:61556
Thu Mar 01 11:14:23 CET 2018;IBM;9539;1000.0;/172.17.1.243:61537;/172.17.1.243:61528
Thu Mar 01 11:14:23 CET 2018;MSFT;4580;1000.0;/172.17.1.243:61543;/172.17.1.243:61556
Thu Mar 01 11:14:23 CET 2018;MSFT;5219;1000.0;/172.17.1.243:61528;/172.17.1.243:61556
Thu Mar 01 11:14:23 CET 2018;MSFT;7871;1000.0;/172.17.1.243:61556;/172.17.1.243:61543
Thu Mar 01 11:14:23 CET 2018;AAPL;2892;1000.0;/172.17.1.243:61543;/172.17.1.243:61537
Thu Mar 01 11:14:23 CET 2018;AAPL;7702;1000.0;/172.17.1.243:61528;/172.17.1.243:61543
Thu Mar 01 11:14:23 CET 2018;AAPL;4859;1000.0;/172.17.1.243:61549;/172.17.1.243:61528
Thu Mar 01 11:14:23 CET 2018;MSFT;2558;1000.0;/172.17.1.243:61543;/172.17.1.243:61556
Thu Mar 01 11:14:23 CET 2018;AAPL;2503;1000.0;/172.17.1.243:61537;/172.17.1.243:61537
Thu Mar 01 11:14:23 CET 2018;IBM;6224;1000.0;/172.17.1.243:61528;/172.17.1.243:61556
Thu Mar 01 11:14:23 CET 2018;IBM;8040;1000.0;/172.17.1.243:61549;/172.17.1.243:61556
Thu Mar 01 11:14:23 CET 2018;IBM;1694;1000.0;/172.17.1.243:61556;/172.17.1.243:61537
Thu Mar 01 11:14:23 CET 2018;MSFT;6831;1000.0;/172.17.1.243:61543;/172.17.1.243:61537
Thu Mar 01 11:14:23 CET 2018;AAPL;7358;1000.0;/172.17.1.243:61528;/172.17.1.243:61556
Thu Mar 01 11:14:23 CET 2018;MSFT;508;1000.0;/172.17.1.243:61543;/172.17.1.243:61549
Thu Mar 01 11:14:23 CET 2018;MSFT;3379;1000.0;/172.17.1.243:61528;/172.17.1.243:61537
Thu Mar 01 11:14:23 CET 2018;AAPL;971;1000.0;/172.17.1.243:61549;/172.17.1.243:61543
Thu Mar 01 11:14:23 CET 2018;AAPL;6132;1000.0;/172.17.1.243:61556;/172.17.1.243:61528
Thu Mar 01 11:14:23 CET 2018;AAPL;5021;1000.0;/172.17.1.243:61537;/172.17.1.243:61528
Thu Mar 01 11:14:23 CET 2018;AAPL;6651;1000.0;/172.17.1.243:61528;/172.17.1.243:61556
Thu Mar 01 11:14:23 CET 2018;IBM;4973;1000.0;/172.17.1.243:61556;/172.17.1.243:61549
Thu Mar 01 11:14:23 CET 2018;MSFT;5142;1000.0;/172.17.1.243:61543;/172.17.1.243:61543
Thu Mar 01 11:14:23 CET 2018;AAPL;2967;1000.0;/172.17.1.243:61543;/172.17.1.243:61549
Thu Mar 01 11:14:23 CET 2018;MSFT;575;1000.0;/172.17.1.243:61537;/172.17.1.243:61549
Thu Mar 01 11:14:23 CET 2018;IBM;3476;1000.0;/172.17.1.243:61528;/172.17.1.243:61543
Thu Mar 01 11:14:23 CET 2018;AAPL;1250;1000.0;/172.17.1.243:61537;/172.17.1.243:61549
Thu Mar 01 11:14:23 CET 2018;AAPL;7511;1000.0;/172.17.1.243:61549;/172.17.1.243:61543
Thu Mar 01 11:14:23 CET 2018;MSFT;5968;1000.0;/172.17.1.243:61528;/172.17.1.243:61556
Thu Mar 01 11:14:23 CET 2018;IBM;1055;1000.0;/172.17.1.243:61556;/172.17.1.243:61556
Thu Mar 01 11:14:23 CET 2018;AAPL;6534;1000.0;/172.17.1.243:61549;/172.17.1.243:61556
Thu Mar 01 11:14:23 CET 2018;MSFT;8466;1000.0;/172.17.1.243:61537;/172.17.1.243:61528
Thu Mar 01 11:14:23 CET 2018;IBM;6905;1000.0;/172.17.1.243:61528;/172.17.1.243:61549
Thu Mar 01 11:14:23 CET 2018;MSFT;5819;1000.0;/172.17.1.243:61537;/172.17.1.243:61543
Thu Mar 01 11:14:23 CET 2018;MSFT;4984;1000.0;/172.17.1.243:61549;/172.17.1.243:61543
Thu Mar 01 11:14:23 CET 2018;MSFT;3943;1000.0;/172.17.1.243:61528;/172.17.1.243:61543
Thu Mar 01 11:14:23 CET 2018;MSFT;6535;1000.0;/172.17.1.243:61543;/172.17.1.243:61528
Thu Mar 01 11:14:23 CET 2018;MSFT;765;1000.0;/172.17.1.243:61537;/172.17.1.243:61537
Thu Mar 01 11:14:23 CET 2018;IBM;5531;1000.0;/172.17.1.243:61556;/172.17.1.243:61537
Thu Mar 01 11:14:23 CET 2018;IBM;4870;1000.0;/172.17.1.243:61528;/172.17.1.243:61528
Thu Mar 01 11:14:23 CET 2018;AAPL;3360;1000.0;/172.17.1.243:61543;/172.17.1.243:61537
Thu Mar 01 11:14:23 CET 2018;IBM;3726;1000.0;/172.17.1.243:61528;/172.17.1.243:61556
Thu Mar 01 11:14:23 CET 2018;AAPL;2712;1000.0;/172.17.1.243:61556;/172.17.1.243:61556
Thu Mar 01 11:14:23 CET 2018;IBM;3263;1000.0;/172.17.1.243:61549;/172.17.1.243:61549
Thu Mar 01 11:14:23 CET 2018;AAPL;1418;1000.0;/172.17.1.243:61537;/172.17.1.243:61537
Thu Mar 01 11:14:23 CET 2018;MSFT;3890;1000.0;/172.17.1.243:61543;/172.17.1.243:61528
Thu Mar 01 11:14:23 CET 2018;IBM;9180;1000.0;/172.17.1.243:61556;/172.17.1.243:61543
Thu Mar 01 11:14:23 CET 2018;IBM;7710;1000.0;/172.17.1.243:61528;/172.17.1.243:61556
Thu Mar 01 11:14:23 CET 2018;MSFT;4143;1000.0;/172.17.1.243:61549;/172.17.1.243:61549
Thu Mar 01 11:14:23 CET 2018;MSFT;7269;1000.0;/172.17.1.243:61549;/172.17.1.243:61549
Thu Mar 01 11:14:23 CET 2018;IBM;522;1000.0;/172.17.1.243:61549;/172.17.1.243:61528
Thu Mar 01 11:14:23 CET 2018;AAPL;6313;1000.0;/172.17.1.243:61549;/172.17.1.243:61543
Thu Mar 01 11:14:23 CET 2018;MSFT;1300;1000.0;/172.17.1.243:61537;/172.17.1.243:61543
Thu Mar 01 11:14:23 CET 2018;MSFT;984;1000.0;/172.17.1.243:61528;/172.17.1.243:61537
Thu Mar 01 11:14:23 CET 2018;AAPL;2730;1000.0;/172.17.1.243:61556;/172.17.1.243:61556
Thu Mar 01 11:14:23 CET 2018;AAPL;6619;1000.0;/172.17.1.243:61549;/172.17.1.243:61537
Thu Mar 01 11:14:23 CET 2018;AAPL;2784;1000.0;/172.17.1.243:61543;/172.17.1.243:61556
Thu Mar 01 11:14:23 CET 2018;AAPL;4100;1000.0;/172.17.1.243:61556;/172.17.1.243:61543
Thu Mar 01 11:14:23 CET 2018;IBM;7205;1000.0;/172.17.1.243:61543;/172.17.1.243:61537
Thu Mar 01 11:14:23 CET 2018;AAPL;2765;1000.0;/172.17.1.243:61537;/172.17.1.243:61528
Thu Mar 01 11:14:23 CET 2018;MSFT;6848;1000.0;/172.17.1.243:61543;/172.17.1.243:61537
Thu Mar 01 11:14:23 CET 2018;IBM;3670;1000.0;/172.17.1.243:61528;/172.17.1.243:61556
Thu Mar 01 11:14:23 CET 2018;AAPL;7294;1000.0;/172.17.1.243:61549;/172.17.1.243:61549
Thu Mar 01 11:14:23 CET 2018;IBM;5700;1000.0;/172.17.1.243:61528;/172.17.1.243:61537
Thu Mar 01 11:14:23 CET 2018;IBM;104;1000.0;/172.17.1.243:61528;/172.17.1.243:61537
Thu Mar 01 11:14:23 CET 2018;AAPL;2643;1000.0;/172.17.1.243:61543;/172.17.1.243:61556
Thu Mar 01 11:14:23 CET 2018;AAPL;8525;1000.0;/172.17.1.243:61556;/172.17.1.243:61537
Thu Mar 01 11:14:24 CET 2018;MSFT;7727;1000.0;/172.17.1.243:61537;/172.17.1.243:61543
Thu Mar 01 11:14:24 CET 2018;IBM;889;1000.0;/172.17.1.243:61537;/172.17.1.243:61543
Thu Mar 01 11:14:24 CET 2018;IBM;9683;1000.0;/172.17.1.243:61543;/172.17.1.243:61537
Thu Mar 01 11:14:24 CET 2018;AAPL;808;1000.0;/172.17.1.243:61537;/172.17.1.243:61556
Thu Mar 01 11:14:24 CET 2018;IBM;1269;1000.0;/172.17.1.243:61537;/172.17.1.243:61537
Thu Mar 01 11:14:24 CET 2018;IBM;5806;1000.0;/172.17.1.243:61528;/172.17.1.243:61537
Thu Mar 01 11:14:24 CET 2018;MSFT;5282;1000.0;/172.17.1.243:61549;/172.17.1.243:61543
Thu Mar 01 11:14:24 CET 2018;MSFT;5713;1000.0;/172.17.1.243:61528;/172.17.1.243:61528
Thu Mar 01 11:14:24 CET 2018;IBM;7209;1000.0;/172.17.1.243:61537;/172.17.1.243:61543
Thu Mar 01 11:14:24 CET 2018;IBM;1012;1000.0;/172.17.1.243:61537;/172.17.1.243:61537
Thu Mar 01 11:14:24 CET 2018;MSFT;8429;1000.0;/172.17.1.243:61537;/172.17.1.243:61528
Thu Mar 01 11:14:24 CET 2018;AAPL;3508;1000.0;/172.17.1.243:61543;/172.17.1.243:61543
Thu Mar 01 11:14:24 CET 2018;IBM;8170;1000.0;/172.17.1.243:61549;/172.17.1.243:61528
Thu Mar 01 11:14:24 CET 2018;AAPL;496;1000.0;/172.17.1.243:61543;/172.17.1.243:61543
Thu Mar 01 11:14:24 CET 2018;IBM;6154;1000.0;/172.17.1.243:61556;/172.17.1.243:61528
Thu Mar 01 11:14:24 CET 2018;IBM;6573;1000.0;/172.17.1.243:61549;/172.17.1.243:61528
Thu Mar 01 11:14:24 CET 2018;MSFT;4664;1000.0;/172.17.1.243:61543;/172.17.1.243:61556
Thu Mar 01 11:14:24 CET 2018;MSFT;773;1000.0;/172.17.1.243:61537;/172.17.1.243:61528
Thu Mar 01 11:14:24 CET 2018;IBM;943;1000.0;/172.17.1.243:61549;/172.17.1.243:61537
Thu Mar 01 11:14:24 CET 2018;IBM;275;1000.0;/172.17.1.243:61528;/172.17.1.243:61528
Thu Mar 01 11:14:24 CET 2018;AAPL;2410;1000.0;/172.17.1.243:61543;/172.17.1.243:61549
Thu Mar 01 11:14:24 CET 2018;MSFT;5294;1000.0;/172.17.1.243:61549;/172.17.1.243:61528
Thu Mar 01 11:14:24 CET 2018;IBM;9242;1000.0;/172.17.1.243:61556;/172.17.1.243:61537
Thu Mar 01 11:14:24 CET 2018;IBM;8883;1000.0;/172.17.1.243:61528;/172.17.1.243:61556
Thu Mar 01 11:14:24 CET 2018;IBM;3708;1000.0;/172.17.1.243:61537;/172.17.1.243:61549
Thu Mar 01 11:14:24 CET 2018;MSFT;863;1000.0;/172.17.1.243:61549;/172.17.1.243:61543
Thu Mar 01 11:14:24 CET 2018;IBM;8343;1000.0;/172.17.1.243:61543;/172.17.1.243:61556
Thu Mar 01 11:14:24 CET 2018;IBM;2515;1000.0;/172.17.1.243:61537;/172.17.1.243:61528
Thu Mar 01 11:14:24 CET 2018;IBM;5374;1000.0;/172.17.1.243:61556;/172.17.1.243:61528
Thu Mar 01 11:14:24 CET 2018;AAPL;4885;1000.0;/172.17.1.243:61543;/172.17.1.243:61537
Thu Mar 01 11:14:24 CET 2018;MSFT;2146;1000.0;/172.17.1.243:61556;/172.17.1.243:61556
Thu Mar 01 11:14:24 CET 2018;IBM;8458;1000.0;/172.17.1.243:61528;/172.17.1.243:61537
Thu Mar 01 11:14:24 CET 2018;AAPL;5575;1000.0;/172.17.1.243:61549;/172.17.1.243:61543
Thu Mar 01 11:14:24 CET 2018;MSFT;8912;1000.0;/172.17.1.243:61528;/172.17.1.243:61543
Thu Mar 01 11:14:24 CET 2018;MSFT;5082;1000.0;/172.17.1.243:61537;/172.17.1.243:61528
Thu Mar 01 11:14:24 CET 2018;IBM;8390;1000.0;/172.17.1.243:61543;/172.17.1.243:61543
Thu Mar 01 11:14:24 CET 2018;AAPL;9275;1000.0;/172.17.1.243:61556;/172.17.1.243:61537
Thu Mar 01 11:14:24 CET 2018;MSFT;3115;1000.0;/172.17.1.243:61537;/172.17.1.243:61543
Thu Mar 01 11:14:24 CET 2018;MSFT;3923;1000.0;/172.17.1.243:61549;/172.17.1.243:61543
Thu Mar 01 11:14:24 CET 2018;IBM;395;1000.0;/172.17.1.243:61549;/172.17.1.243:61543
Thu Mar 01 11:14:24 CET 2018;MSFT;6204;1000.0;/172.17.1.243:61556;/172.17.1.243:61556
Thu Mar 01 11:14:24 CET 2018;MSFT;2492;1000.0;/172.17.1.243:61528;/172.17.1.243:61528
Thu Mar 01 11:14:24 CET 2018;AAPL;9270;1000.0;/172.17.1.243:61556;/172.17.1.243:61528
Thu Mar 01 11:14:24 CET 2018;AAPL;2630;1000.0;/172.17.1.243:61537;/172.17.1.243:61549
Thu Mar 01 11:14:24 CET 2018;AAPL;781;1000.0;/172.17.1.243:61543;/172.17.1.243:61537
Thu Mar 01 11:14:24 CET 2018;MSFT;9004;1000.0;/172.17.1.243:61549;/172.17.1.243:61537
Thu Mar 01 11:14:24 CET 2018;AAPL;1473;1000.0;/172.17.1.243:61549;/172.17.1.243:61528
Thu Mar 01 11:14:24 CET 2018;IBM;777;1000.0;/172.17.1.243:61528;/172.17.1.243:61556
Thu Mar 01 11:14:24 CET 2018;MSFT;8199;1000.0;/172.17.1.243:61537;/172.17.1.243:61543
Thu Mar 01 11:14:24 CET 2018;MSFT;3901;1000.0;/172.17.1.243:61543;/172.17.1.243:61528
Thu Mar 01 11:14:24 CET 2018;AAPL;7815;1000.0;/172.17.1.243:61537;/172.17.1.243:61549
Thu Mar 01 11:14:24 CET 2018;MSFT;7942;1000.0;/172.17.1.243:61556;/172.17.1.243:61528
Thu Mar 01 11:14:24 CET 2018;AAPL;263;1000.0;/172.17.1.243:61543;/172.17.1.243:61549
Thu Mar 01 11:14:24 CET 2018;IBM;9175;1000.0;/172.17.1.243:61537;/172.17.1.243:61543
Thu Mar 01 11:14:24 CET 2018;AAPL;6276;1000.0;/172.17.1.243:61549;/172.17.1.243:61528
Thu Mar 01 11:14:24 CET 2018;IBM;1182;1000.0;/172.17.1.243:61528;/172.17.1.243:61543
Thu Mar 01 11:14:24 CET 2018;MSFT;8750;1000.0;/172.17.1.243:61556;/172.17.1.243:61543
Thu Mar 01 11:14:24 CET 2018;AAPL;7793;1000.0;/172.17.1.243:61549;/172.17.1.243:61543
Thu Mar 01 11:14:24 CET 2018;IBM;1361;1000.0;/172.17.1.243:61528;/172.17.1.243:61543
Thu Mar 01 11:14:24 CET 2018;IBM;8304;1000.0;/172.17.1.243:61537;/172.17.1.243:61543
Thu Mar 01 11:14:24 CET 2018;AAPL;393;1000.0;/172.17.1.243:61543;/172.17.1.243:61543
Thu Mar 01 11:14:24 CET 2018;MSFT;5395;1000.0;/172.17.1.243:61528;/172.17.1.243:61543
Thu Mar 01 11:14:24 CET 2018;IBM;7705;1000.0;/172.17.1.243:61549;/172.17.1.243:61543
Thu Mar 01 11:14:24 CET 2018;MSFT;1779;1000.0;/172.17.1.243:61537;/172.17.1.243:61549
Thu Mar 01 11:14:24 CET 2018;IBM;8724;1000.0;/172.17.1.243:61549;/172.17.1.243:61537
Thu Mar 01 11:14:24 CET 2018;MSFT;8741;1000.0;/172.17.1.243:61543;/172.17.1.243:61543
Thu Mar 01 11:14:24 CET 2018;IBM;7103;1000.0;/172.17.1.243:61556;/172.17.1.243:61528
Thu Mar 01 11:14:24 CET 2018;MSFT;1252;1000.0;/172.17.1.243:61549;/172.17.1.243:61537
Thu Mar 01 11:14:24 CET 2018;MSFT;8078;1000.0;/172.17.1.243:61528;/172.17.1.243:61528
Thu Mar 01 11:14:24 CET 2018;IBM;4580;1000.0;/172.17.1.243:61543;/172.17.1.243:61543
Thu Mar 01 11:14:24 CET 2018;MSFT;7607;1000.0;/172.17.1.243:61537;/172.17.1.243:61537
Thu Mar 01 11:14:24 CET 2018;MSFT;7331;1000.0;/172.17.1.243:61543;/172.17.1.243:61528
Thu Mar 01 11:14:24 CET 2018;MSFT;3215;1000.0;/172.17.1.243:61556;/172.17.1.243:61528
Thu Mar 01 11:14:24 CET 2018;IBM;4627;1000.0;/172.17.1.243:61549;/172.17.1.243:61537
Thu Mar 01 11:14:24 CET 2018;MSFT;3720;1000.0;/172.17.1.243:61549;/172.17.1.243:61543
Thu Mar 01 11:14:24 CET 2018;AAPL;5880;1000.0;/172.17.1.243:61543;/172.17.1.243:61528
Thu Mar 01 11:14:24 CET 2018;MSFT;6666;1000.0;/172.17.1.243:61528;/172.17.1.243:61549
Thu Mar 01 11:14:24 CET 2018;IBM;6124;1000.0;/172.17.1.243:61543;/172.17.1.243:61543
Thu Mar 01 11:14:24 CET 2018;AAPL;4840;1000.0;/172.17.1.243:61537;/172.17.1.243:61549
Thu Mar 01 11:14:24 CET 2018;AAPL;9606;1000.0;/172.17.1.243:61549;/172.17.1.243:61537
Thu Mar 01 11:14:24 CET 2018;MSFT;5960;1000.0;/172.17.1.243:61556;/172.17.1.243:61528
Thu Mar 01 11:14:24 CET 2018;MSFT;7296;1000.0;/172.17.1.243:61543;/172.17.1.243:61543
Thu Mar 01 11:14:24 CET 2018;MSFT;4327;1000.0;/172.17.1.243:61528;/172.17.1.243:61543
Thu Mar 01 11:14:24 CET 2018;MSFT;7437;1000.0;/172.17.1.243:61537;/172.17.1.243:61528
Thu Mar 01 11:14:24 CET 2018;IBM;5979;1000.0;/172.17.1.243:61543;/172.17.1.243:61556
Thu Mar 01 11:14:24 CET 2018;IBM;924;1000.0;/172.17.1.243:61549;/172.17.1.243:61549
Thu Mar 01 11:14:24 CET 2018;MSFT;2761;1000.0;/172.17.1.243:61556;/172.17.1.243:61543
Thu Mar 01 11:14:24 CET 2018;AAPL;2768;1000.0;/172.17.1.243:61549;/172.17.1.243:61528
Thu Mar 01 11:14:24 CET 2018;MSFT;1994;1000.0;/172.17.1.243:61543;/172.17.1.243:61543
Thu Mar 01 11:14:24 CET 2018;MSFT;1155;1000.0;/172.17.1.243:61537;/172.17.1.243:61543
Thu Mar 01 11:14:24 CET 2018;IBM;2118;1000.0;/172.17.1.243:61549;/172.17.1.243:61528
Thu Mar 01 11:14:24 CET 2018;IBM;2816;1000.0;/172.17.1.243:61528;/172.17.1.243:61543
Thu Mar 01 11:14:24 CET 2018;AAPL;7145;1000.0;/172.17.1.243:61543;/172.17.1.243:61528
Thu Mar 01 11:14:24 CET 2018;MSFT;7451;1000.0;/172.17.1.243:61537;/172.17.1.243:61537
Thu Mar 01 11:14:24 CET 2018;AAPL;8990;1000.0;/172.17.1.243:61537;/172.17.1.243:61537
Thu Mar 01 11:14:24 CET 2018;IBM;8957;1000.0;/172.17.1.243:61528;/172.17.1.243:61537
Thu Mar 01 11:14:24 CET 2018;IBM;5977;1000.0;/172.17.1.243:61543;/172.17.1.243:61549
Thu Mar 01 11:14:24 CET 2018;MSFT;3678;1000.0;/172.17.1.243:61556;/172.17.1.243:61556
Thu Mar 01 11:14:24 CET 2018;AAPL;5495;1000.0;/172.17.1.243:61543;/172.17.1.243:61549
Thu Mar 01 11:14:24 CET 2018;MSFT;2758;1000.0;/172.17.1.243:61528;/172.17.1.243:61537
Thu Mar 01 11:14:24 CET 2018;IBM;9595;1000.0;/172.17.1.243:61549;/172.17.1.243:61543
Thu Mar 01 11:14:24 CET 2018;IBM;4255;1000.0;/172.17.1.243:61549;/172.17.1.243:61537
Thu Mar 01 11:14:24 CET 2018;IBM;1641;1000.0;/172.17.1.243:61543;/172.17.1.243:61528
Thu Mar 01 11:14:24 CET 2018;AAPL;7157;1000.0;/172.17.1.243:61528;/172.17.1.243:61528
Thu Mar 01 11:14:24 CET 2018;IBM;4822;1000.0;/172.17.1.243:61537;/172.17.1.243:61528
Thu Mar 01 11:14:24 CET 2018;AAPL;6535;1000.0;/172.17.1.243:61556;/172.17.1.243:61556
Thu Mar 01 11:14:24 CET 2018;MSFT;1406;1000.0;/172.17.1.243:61528;/172.17.1.243:61556
Thu Mar 01 11:14:24 CET 2018;IBM;4582;1000.0;/172.17.1.243:61543;/172.17.1.243:61549
Thu Mar 01 11:14:24 CET 2018;IBM;8147;1000.0;/172.17.1.243:61549;/172.17.1.243:61528
Thu Mar 01 11:14:24 CET 2018;IBM;6727;1000.0;/172.17.1.243:61543;/172.17.1.243:61528
Thu Mar 01 11:14:24 CET 2018;AAPL;2325;1000.0;/172.17.1.243:61537;/172.17.1.243:61556
Thu Mar 01 11:14:24 CET 2018;IBM;1764;1000.0;/172.17.1.243:61528;/172.17.1.243:61549
Thu Mar 01 11:14:24 CET 2018;AAPL;6694;1000.0;/172.17.1.243:61549;/172.17.1.243:61528
Thu Mar 01 11:14:24 CET 2018;IBM;7912;1000.0;/172.17.1.243:61537;/172.17.1.243:61556
Thu Mar 01 11:14:24 CET 2018;AAPL;4205;1000.0;/172.17.1.243:61528;/172.17.1.243:61549
Thu Mar 01 11:14:24 CET 2018;IBM;7311;1000.0;/172.17.1.243:61549;/172.17.1.243:61543
Thu Mar 01 11:14:24 CET 2018;MSFT;381;1000.0;/172.17.1.243:61537;/172.17.1.243:61528
Thu Mar 01 11:14:24 CET 2018;IBM;175;1000.0;/172.17.1.243:61556;/172.17.1.243:61537
Thu Mar 01 11:14:24 CET 2018;AAPL;7957;1000.0;/172.17.1.243:61543;/172.17.1.243:61537
Thu Mar 01 11:14:24 CET 2018;AAPL;323;1000.0;/172.17.1.243:61549;/172.17.1.243:61556
Thu Mar 01 11:14:24 CET 2018;AAPL;1889;1000.0;/172.17.1.243:61556;/172.17.1.243:61556
Thu Mar 01 11:14:24 CET 2018;AAPL;8442;1000.0;/172.17.1.243:61528;/172.17.1.243:61543
Thu Mar 01 11:14:24 CET 2018;IBM;3002;1000.0;/172.17.1.243:61543;/172.17.1.243:61549
Thu Mar 01 11:14:24 CET 2018;AAPL;3725;1000.0;/172.17.1.243:61543;/172.17.1.243:61549
Thu Mar 01 11:14:24 CET 2018;MSFT;5718;1000.0;/172.17.1.243:61528;/172.17.1.243:61528
Thu Mar 01 11:14:24 CET 2018;AAPL;5729;1000.0;/172.17.1.243:61549;/172.17.1.243:61556
Thu Mar 01 11:14:24 CET 2018;AAPL;8304;1000.0;/172.17.1.243:61528;/172.17.1.243:61537
Thu Mar 01 11:14:24 CET 2018;IBM;1135;1000.0;/172.17.1.243:61556;/172.17.1.243:61556
Thu Mar 01 11:14:24 CET 2018;MSFT;8202;1000.0;/172.17.1.243:61543;/172.17.1.243:61556
Thu Mar 01 11:14:24 CET 2018;AAPL;7675;1000.0;/172.17.1.243:61528;/172.17.1.243:61528
Thu Mar 01 11:14:24 CET 2018;AAPL;2233;1000.0;/172.17.1.243:61537;/172.17.1.243:61549
Thu Mar 01 11:14:24 CET 2018;IBM;2685;1000.0;/172.17.1.243:61556;/172.17.1.243:61528
Thu Mar 01 11:14:24 CET 2018;MSFT;29;1000.0;/172.17.1.243:61556;/172.17.1.243:61537
Thu Mar 01 11:14:24 CET 2018;AAPL;8972;1000.0;/172.17.1.243:61537;/172.17.1.243:61556
Thu Mar 01 11:14:24 CET 2018;IBM;6427;1000.0;/172.17.1.243:61528;/172.17.1.243:61543
Thu Mar 01 11:14:24 CET 2018;MSFT;4191;1000.0;/172.17.1.243:61543;/172.17.1.243:61556
Thu Mar 01 11:14:24 CET 2018;IBM;3543;1000.0;/172.17.1.243:61556;/172.17.1.243:61549
Thu Mar 01 11:14:24 CET 2018;AAPL;9026;1000.0;/172.17.1.243:61528;/172.17.1.243:61543
Thu Mar 01 11:14:24 CET 2018;MSFT;924;1000.0;/172.17.1.243:61543;/172.17.1.243:61528
Thu Mar 01 11:14:24 CET 2018;IBM;9133;1000.0;/172.17.1.243:61537;/172.17.1.243:61537
Thu Mar 01 11:14:24 CET 2018;MSFT;7227;1000.0;/172.17.1.243:61549;/172.17.1.243:61556
Thu Mar 01 11:14:24 CET 2018;MSFT;4162;1000.0;/172.17.1.243:61528;/172.17.1.243:61556
Thu Mar 01 11:14:24 CET 2018;AAPL;9627;1000.0;/172.17.1.243:61556;/172.17.1.243:61549
Thu Mar 01 11:14:24 CET 2018;IBM;1772;1000.0;/172.17.1.243:61537;/172.17.1.243:61556
Thu Mar 01 11:14:24 CET 2018;IBM;6952;1000.0;/172.17.1.243:61543;/172.17.1.243:61543
Thu Mar 01 11:14:24 CET 2018;AAPL;4083;1000.0;/172.17.1.243:61549;/172.17.1.243:61543
Thu Mar 01 11:14:24 CET 2018;MSFT;5811;1000.0;/172.17.1.243:61528;/172.17.1.243:61556
Thu Mar 01 11:14:24 CET 2018;MSFT;8949;1000.0;/172.17.1.243:61543;/172.17.1.243:61549
Thu Mar 01 11:14:24 CET 2018;MSFT;3112;1000.0;/172.17.1.243:61556;/172.17.1.243:61556
Thu Mar 01 11:14:24 CET 2018;AAPL;4102;1000.0;/172.17.1.243:61549;/172.17.1.243:61528
Thu Mar 01 11:14:24 CET 2018;MSFT;2055;1000.0;/172.17.1.243:61537;/172.17.1.243:61543
Thu Mar 01 11:14:24 CET 2018;IBM;582;1000.0;/172.17.1.243:61543;/172.17.1.243:61556
Thu Mar 01 11:14:24 CET 2018;AAPL;6940;1000.0;/172.17.1.243:61556;/172.17.1.243:61537
Thu Mar 01 11:14:24 CET 2018;MSFT;8254;1000.0;/172.17.1.243:61549;/172.17.1.243:61537
Thu Mar 01 11:14:24 CET 2018;IBM;1748;1000.0;/172.17.1.243:61543;/172.17.1.243:61528
Thu Mar 01 11:14:24 CET 2018;MSFT;6530;1000.0;/172.17.1.243:61543;/172.17.1.243:61528
Thu Mar 01 11:14:24 CET 2018;IBM;5021;1000.0;/172.17.1.243:61528;/172.17.1.243:61543
Thu Mar 01 11:14:24 CET 2018;IBM;5502;1000.0;/172.17.1.243:61556;/172.17.1.243:61528
Thu Mar 01 11:14:24 CET 2018;IBM;201;1000.0;/172.17.1.243:61549;/172.17.1.243:61556
Thu Mar 01 11:14:24 CET 2018;AAPL;533;1000.0;/172.17.1.243:61549;/172.17.1.243:61556
Thu Mar 01 11:14:24 CET 2018;IBM;6300;1000.0;/172.17.1.243:61528;/172.17.1.243:61543
Thu Mar 01 11:14:24 CET 2018;AAPL;5623;1000.0;/172.17.1.243:61537;/172.17.1.243:61549
Thu Mar 01 11:14:24 CET 2018;IBM;3434;1000.0;/172.17.1.243:61528;/172.17.1.243:61556
Thu Mar 01 11:14:24 CET 2018;IBM;8648;1000.0;/172.17.1.243:61549;/172.17.1.243:61556
Thu Mar 01 11:14:24 CET 2018;IBM;2002;1000.0;/172.17.1.243:61537;/172.17.1.243:61556
Thu Mar 01 11:14:24 CET 2018;AAPL;3407;1000.0;/172.17.1.243:61556;/172.17.1.243:61543
Thu Mar 01 11:14:24 CET 2018;MSFT;3791;1000.0;/172.17.1.243:61537;/172.17.1.243:61537
Thu Mar 01 11:14:24 CET 2018;IBM;2526;1000.0;/172.17.1.243:61549;/172.17.1.243:61556
Thu Mar 01 11:14:24 CET 2018;IBM;6500;1000.0;/172.17.1.243:61543;/172.17.1.243:61556
Thu Mar 01 11:14:24 CET 2018;MSFT;374;1000.0;/172.17.1.243:61528;/172.17.1.243:61537
Thu Mar 01 11:14:25 CET 2018;AAPL;1977;1000.0;/172.17.1.243:61537;/172.17.1.243:61528
Thu Mar 01 11:14:25 CET 2018;AAPL;8547;1000.0;/172.17.1.243:61556;/172.17.1.243:61537
Thu Mar 01 11:14:25 CET 2018;MSFT;3991;1000.0;/172.17.1.243:61543;/172.17.1.243:61543
Thu Mar 01 11:14:25 CET 2018;AAPL;538;1000.0;/172.17.1.243:61528;/172.17.1.243:61528
Thu Mar 01 11:14:25 CET 2018;AAPL;5050;1000.0;/172.17.1.243:61537;/172.17.1.243:61543
Thu Mar 01 11:14:25 CET 2018;AAPL;1301;1000.0;/172.17.1.243:61549;/172.17.1.243:61543
Thu Mar 01 11:14:25 CET 2018;MSFT;2621;1000.0;/172.17.1.243:61528;/172.17.1.243:61549
Thu Mar 01 11:14:25 CET 2018;IBM;9351;1000.0;/172.17.1.243:61556;/172.17.1.243:61537
Thu Mar 01 11:14:25 CET 2018;AAPL;7682;1000.0;/172.17.1.243:61549;/172.17.1.243:61528
Thu Mar 01 11:14:25 CET 2018;MSFT;2920;1000.0;/172.17.1.243:61537;/172.17.1.243:61528
Thu Mar 01 11:14:25 CET 2018;AAPL;1895;1000.0;/172.17.1.243:61543;/172.17.1.243:61549
Thu Mar 01 11:14:25 CET 2018;MSFT;8916;1000.0;/172.17.1.243:61537;/172.17.1.243:61543
Thu Mar 01 11:14:25 CET 2018;AAPL;1415;1000.0;/172.17.1.243:61528;/172.17.1.243:61556
Thu Mar 01 11:14:25 CET 2018;IBM;1418;1000.0;/172.17.1.243:61556;/172.17.1.243:61543
Thu Mar 01 11:14:25 CET 2018;IBM;5093;1000.0;/172.17.1.243:61543;/172.17.1.243:61543
Thu Mar 01 11:14:25 CET 2018;IBM;5882;1000.0;/172.17.1.243:61549;/172.17.1.243:61537
Thu Mar 01 11:14:25 CET 2018;MSFT;2527;1000.0;/172.17.1.243:61537;/172.17.1.243:61537
Thu Mar 01 11:14:25 CET 2018;MSFT;7496;1000.0;/172.17.1.243:61528;/172.17.1.243:61528
Thu Mar 01 11:14:25 CET 2018;AAPL;7705;1000.0;/172.17.1.243:61556;/172.17.1.243:61556
Thu Mar 01 11:14:25 CET 2018;IBM;1751;1000.0;/172.17.1.243:61543;/172.17.1.243:61528
Thu Mar 01 11:14:25 CET 2018;AAPL;7368;1000.0;/172.17.1.243:61537;/172.17.1.243:61556
Thu Mar 01 11:14:25 CET 2018;AAPL;4446;1000.0;/172.17.1.243:61549;/172.17.1.243:61543
Thu Mar 01 11:14:25 CET 2018;AAPL;2341;1000.0;/172.17.1.243:61537;/172.17.1.243:61528
Thu Mar 01 11:14:25 CET 2018;IBM;1101;1000.0;/172.17.1.243:61528;/172.17.1.243:61543
Thu Mar 01 11:14:25 CET 2018;MSFT;3674;1000.0;/172.17.1.243:61549;/172.17.1.243:61537
Thu Mar 01 11:14:25 CET 2018;MSFT;7498;1000.0;/172.17.1.243:61528;/172.17.1.243:61543
Thu Mar 01 11:14:25 CET 2018;MSFT;7582;1000.0;/172.17.1.243:61549;/172.17.1.243:61543
Thu Mar 01 11:14:25 CET 2018;AAPL;3514;1000.0;/172.17.1.243:61556;/172.17.1.243:61537
Thu Mar 01 11:14:25 CET 2018;MSFT;5954;1000.0;/172.17.1.243:61543;/172.17.1.243:61556
Thu Mar 01 11:14:25 CET 2018;IBM;8647;1000.0;/172.17.1.243:61549;/172.17.1.243:61556
Thu Mar 01 11:14:25 CET 2018;MSFT;7816;1000.0;/172.17.1.243:61549;/172.17.1.243:61549
Thu Mar 01 11:14:25 CET 2018;AAPL;3366;1000.0;/172.17.1.243:61556;/172.17.1.243:61528
Thu Mar 01 11:14:25 CET 2018;AAPL;6011;1000.0;/172.17.1.243:61537;/172.17.1.243:61543
Thu Mar 01 11:14:25 CET 2018;AAPL;3926;1000.0;/172.17.1.243:61528;/172.17.1.243:61528
Thu Mar 01 11:14:25 CET 2018;AAPL;1250;1000.0;/172.17.1.243:61556;/172.17.1.243:61537
Thu Mar 01 11:14:25 CET 2018;IBM;7973;1000.0;/172.17.1.243:61537;/172.17.1.243:61556
Thu Mar 01 11:14:25 CET 2018;MSFT;4863;1000.0;/172.17.1.243:61549;/172.17.1.243:61543
Thu Mar 01 11:14:25 CET 2018;AAPL;9178;1000.0;/172.17.1.243:61528;/172.17.1.243:61556
Thu Mar 01 11:14:25 CET 2018;MSFT;1327;1000.0;/172.17.1.243:61556;/172.17.1.243:61528
Thu Mar 01 11:14:25 CET 2018;IBM;3733;1000.0;/172.17.1.243:61543;/172.17.1.243:61537
Thu Mar 01 11:14:25 CET 2018;MSFT;4125;1000.0;/172.17.1.243:61556;/172.17.1.243:61543
Thu Mar 01 11:14:25 CET 2018;AAPL;265;1000.0;/172.17.1.243:61537;/172.17.1.243:61528
Thu Mar 01 11:14:25 CET 2018;MSFT;1297;1000.0;/172.17.1.243:61528;/172.17.1.243:61528
Thu Mar 01 11:14:25 CET 2018;AAPL;7064;1000.0;/172.17.1.243:61549;/172.17.1.243:61537
Thu Mar 01 11:14:25 CET 2018;MSFT;2995;1000.0;/172.17.1.243:61528;/172.17.1.243:61549
Thu Mar 01 11:14:25 CET 2018;MSFT;8578;1000.0;/172.17.1.243:61556;/172.17.1.243:61528
Thu Mar 01 11:14:25 CET 2018;IBM;68;1000.0;/172.17.1.243:61537;/172.17.1.243:61556
Thu Mar 01 11:14:25 CET 2018;IBM;1859;1000.0;/172.17.1.243:61543;/172.17.1.243:61543
Thu Mar 01 11:14:25 CET 2018;IBM;5971;1000.0;/172.17.1.243:61537;/172.17.1.243:61549
Thu Mar 01 11:14:25 CET 2018;AAPL;791;1000.0;/172.17.1.243:61549;/172.17.1.243:61528
Thu Mar 01 11:14:25 CET 2018;MSFT;6866;1000.0;/172.17.1.243:61556;/172.17.1.243:61556
Thu Mar 01 11:14:25 CET 2018;AAPL;1939;1000.0;/172.17.1.243:61528;/172.17.1.243:61537
Thu Mar 01 11:14:25 CET 2018;IBM;8459;1000.0;/172.17.1.243:61537;/172.17.1.243:61556
Thu Mar 01 11:14:25 CET 2018;AAPL;4942;1000.0;/172.17.1.243:61543;/172.17.1.243:61543
Thu Mar 01 11:14:25 CET 2018;IBM;3636;1000.0;/172.17.1.243:61556;/172.17.1.243:61543
Thu Mar 01 11:14:25 CET 2018;IBM;7484;1000.0;/172.17.1.243:61543;/172.17.1.243:61543
Thu Mar 01 11:14:25 CET 2018;AAPL;3810;1000.0;/172.17.1.243:61528;/172.17.1.243:61537
Thu Mar 01 11:14:25 CET 2018;IBM;4181;1000.0;/172.17.1.243:61549;/172.17.1.243:61543
Thu Mar 01 11:14:25 CET 2018;IBM;1632;1000.0;/172.17.1.243:61543;/172.17.1.243:61549
Thu Mar 01 11:14:25 CET 2018;IBM;3659;1000.0;/172.17.1.243:61537;/172.17.1.243:61549
Thu Mar 01 11:14:25 CET 2018;AAPL;616;1000.0;/172.17.1.243:61556;/172.17.1.243:61543
Thu Mar 01 11:14:25 CET 2018;MSFT;861;1000.0;/172.17.1.243:61528;/172.17.1.243:61549
Thu Mar 01 11:14:25 CET 2018;MSFT;4239;1000.0;/172.17.1.243:61549;/172.17.1.243:61543
Thu Mar 01 11:14:25 CET 2018;AAPL;2919;1000.0;/172.17.1.243:61543;/172.17.1.243:61537
Thu Mar 01 11:14:25 CET 2018;AAPL;2925;1000.0;/172.17.1.243:61528;/172.17.1.243:61528
Thu Mar 01 11:14:25 CET 2018;AAPL;8459;1000.0;/172.17.1.243:61543;/172.17.1.243:61556
Thu Mar 01 11:14:25 CET 2018;AAPL;8391;1000.0;/172.17.1.243:61556;/172.17.1.243:61528
Thu Mar 01 11:14:25 CET 2018;MSFT;3281;1000.0;/172.17.1.243:61549;/172.17.1.243:61528
Thu Mar 01 11:14:25 CET 2018;AAPL;1997;1000.0;/172.17.1.243:61537;/172.17.1.243:61543
Thu Mar 01 11:14:25 CET 2018;MSFT;6704;1000.0;/172.17.1.243:61543;/172.17.1.243:61556
Thu Mar 01 11:14:25 CET 2018;IBM;664;1000.0;/172.17.1.243:61549;/172.17.1.243:61537
Thu Mar 01 11:14:25 CET 2018;AAPL;979;1000.0;/172.17.1.243:61556;/172.17.1.243:61543
Thu Mar 01 11:14:25 CET 2018;MSFT;4824;1000.0;/172.17.1.243:61537;/172.17.1.243:61556
Thu Mar 01 11:14:25 CET 2018;AAPL;4077;1000.0;/172.17.1.243:61543;/172.17.1.243:61537
Thu Mar 01 11:14:25 CET 2018;IBM;4950;1000.0;/172.17.1.243:61528;/172.17.1.243:61543
Thu Mar 01 11:14:25 CET 2018;AAPL;3383;1000.0;/172.17.1.243:61543;/172.17.1.243:61528
Thu Mar 01 11:14:25 CET 2018;MSFT;5485;1000.0;/172.17.1.243:61549;/172.17.1.243:61528
Thu Mar 01 11:14:25 CET 2018;IBM;5285;1000.0;/172.17.1.243:61528;/172.17.1.243:61537
Thu Mar 01 11:14:25 CET 2018;MSFT;5934;1000.0;/172.17.1.243:61537;/172.17.1.243:61556
Thu Mar 01 11:14:25 CET 2018;AAPL;8254;1000.0;/172.17.1.243:61549;/172.17.1.243:61556
Thu Mar 01 11:14:25 CET 2018;MSFT;2200;1000.0;/172.17.1.243:61556;/172.17.1.243:61537
Thu Mar 01 11:14:25 CET 2018;AAPL;3631;1000.0;/172.17.1.243:61543;/172.17.1.243:61537
Thu Mar 01 11:14:25 CET 2018;MSFT;1054;1000.0;/172.17.1.243:61537;/172.17.1.243:61537
Thu Mar 01 11:14:25 CET 2018;AAPL;106;1000.0;/172.17.1.243:61556;/172.17.1.243:61543
Thu Mar 01 11:14:25 CET 2018;IBM;9287;1000.0;/172.17.1.243:61543;/172.17.1.243:61528
Thu Mar 01 11:14:25 CET 2018;MSFT;574;1000.0;/172.17.1.243:61556;/172.17.1.243:61543
Thu Mar 01 11:14:25 CET 2018;AAPL;1732;1000.0;/172.17.1.243:61549;/172.17.1.243:61556
Thu Mar 01 11:14:25 CET 2018;MSFT;6752;1000.0;/172.17.1.243:61528;/172.17.1.243:61549
Thu Mar 01 11:14:25 CET 2018;IBM;2007;1000.0;/172.17.1.243:61528;/172.17.1.243:61543
Thu Mar 01 11:14:25 CET 2018;IBM;7756;1000.0;/172.17.1.243:61556;/172.17.1.243:61543
Thu Mar 01 11:14:25 CET 2018;MSFT;2927;1000.0;/172.17.1.243:61549;/172.17.1.243:61528
Thu Mar 01 11:14:25 CET 2018;AAPL;1900;1000.0;/172.17.1.243:61528;/172.17.1.243:61543
Thu Mar 01 11:14:25 CET 2018;MSFT;5431;1000.0;/172.17.1.243:61556;/172.17.1.243:61543
Thu Mar 01 11:14:25 CET 2018;AAPL;3727;1000.0;/172.17.1.243:61537;/172.17.1.243:61543
Thu Mar 01 11:14:25 CET 2018;MSFT;556;1000.0;/172.17.1.243:61528;/172.17.1.243:61537
Thu Mar 01 11:14:25 CET 2018;IBM;6318;1000.0;/172.17.1.243:61543;/172.17.1.243:61549
Thu Mar 01 11:14:25 CET 2018;AAPL;5233;1000.0;/172.17.1.243:61549;/172.17.1.243:61556
Thu Mar 01 11:14:25 CET 2018;IBM;3770;1000.0;/172.17.1.243:61556;/172.17.1.243:61549
Thu Mar 01 11:14:25 CET 2018;AAPL;3690;1000.0;/172.17.1.243:61543;/172.17.1.243:61556
Thu Mar 01 11:14:25 CET 2018;IBM;2873;1000.0;/172.17.1.243:61549;/172.17.1.243:61556
Thu Mar 01 11:14:25 CET 2018;IBM;2987;1000.0;/172.17.1.243:61528;/172.17.1.243:61537
Thu Mar 01 11:14:25 CET 2018;AAPL;4699;1000.0;/172.17.1.243:61549;/172.17.1.243:61543
Thu Mar 01 11:14:25 CET 2018;IBM;1607;1000.0;/172.17.1.243:61537;/172.17.1.243:61528
Thu Mar 01 11:14:25 CET 2018;MSFT;620;1000.0;/172.17.1.243:61543;/172.17.1.243:61543
Thu Mar 01 11:14:25 CET 2018;IBM;7164;1000.0;/172.17.1.243:61556;/172.17.1.243:61543
Thu Mar 01 11:14:25 CET 2018;MSFT;2223;1000.0;/172.17.1.243:61549;/172.17.1.243:61549
Thu Mar 01 11:14:25 CET 2018;MSFT;6779;1000.0;/172.17.1.243:61543;/172.17.1.243:61543
Thu Mar 01 11:14:25 CET 2018;IBM;2372;1000.0;/172.17.1.243:61537;/172.17.1.243:61543
Thu Mar 01 11:14:25 CET 2018;AAPL;1485;1000.0;/172.17.1.243:61556;/172.17.1.243:61537
Thu Mar 01 11:14:25 CET 2018;AAPL;6480;1000.0;/172.17.1.243:61549;/172.17.1.243:61556
Thu Mar 01 11:14:25 CET 2018;IBM;1892;1000.0;/172.17.1.243:61543;/172.17.1.243:61549
Thu Mar 01 11:14:25 CET 2018;AAPL;5657;1000.0;/172.17.1.243:61528;/172.17.1.243:61543
Thu Mar 01 11:14:25 CET 2018;AAPL;4834;1000.0;/172.17.1.243:61556;/172.17.1.243:61543
Thu Mar 01 11:14:25 CET 2018;MSFT;1691;1000.0;/172.17.1.243:61549;/172.17.1.243:61543
Thu Mar 01 11:14:25 CET 2018;IBM;9178;1000.0;/172.17.1.243:61543;/172.17.1.243:61556
Thu Mar 01 11:14:25 CET 2018;AAPL;3379;1000.0;/172.17.1.243:61528;/172.17.1.243:61528
Thu Mar 01 11:14:25 CET 2018;IBM;5745;1000.0;/172.17.1.243:61549;/172.17.1.243:61549
Thu Mar 01 11:14:25 CET 2018;IBM;680;1000.0;/172.17.1.243:61556;/172.17.1.243:61543
Thu Mar 01 11:14:25 CET 2018;AAPL;6612;1000.0;/172.17.1.243:61543;/172.17.1.243:61549
Thu Mar 01 11:14:25 CET 2018;MSFT;8820;1000.0;/172.17.1.243:61549;/172.17.1.243:61549
Thu Mar 01 11:14:25 CET 2018;IBM;4085;1000.0;/172.17.1.243:61543;/172.17.1.243:61528
Thu Mar 01 11:14:25 CET 2018;IBM;2431;1000.0;/172.17.1.243:61537;/172.17.1.243:61549
Thu Mar 01 11:14:25 CET 2018;IBM;3280;1000.0;/172.17.1.243:61528;/172.17.1.243:61556
Thu Mar 01 11:14:25 CET 2018;AAPL;4508;1000.0;/172.17.1.243:61556;/172.17.1.243:61549
Thu Mar 01 11:14:25 CET 2018;IBM;8847;1000.0;/172.17.1.243:61549;/172.17.1.243:61556
Thu Mar 01 11:14:25 CET 2018;AAPL;6753;1000.0;/172.17.1.243:61556;/172.17.1.243:61556
Thu Mar 01 11:14:25 CET 2018;AAPL;8928;1000.0;/172.17.1.243:61543;/172.17.1.243:61543
Thu Mar 01 11:14:25 CET 2018;AAPL;942;1000.0;/172.17.1.243:61556;/172.17.1.243:61537
Thu Mar 01 11:14:25 CET 2018;IBM;5835;1000.0;/172.17.1.243:61528;/172.17.1.243:61537
Thu Mar 01 11:14:25 CET 2018;IBM;695;1000.0;/172.17.1.243:61537;/172.17.1.243:61543
Thu Mar 01 11:14:25 CET 2018;AAPL;7501;1000.0;/172.17.1.243:61543;/172.17.1.243:61549
Thu Mar 01 11:14:25 CET 2018;IBM;957;1000.0;/172.17.1.243:61549;/172.17.1.243:61543
Thu Mar 01 11:14:25 CET 2018;MSFT;31;1000.0;/172.17.1.243:61537;/172.17.1.243:61537
Thu Mar 01 11:14:25 CET 2018;MSFT;8062;1000.0;/172.17.1.243:61556;/172.17.1.243:61528
Thu Mar 01 11:14:25 CET 2018;IBM;7286;1000.0;/172.17.1.243:61549;/172.17.1.243:61543
Thu Mar 01 11:14:25 CET 2018;AAPL;9296;1000.0;/172.17.1.243:61537;/172.17.1.243:61528
Thu Mar 01 11:14:25 CET 2018;AAPL;7684;1000.0;/172.17.1.243:61543;/172.17.1.243:61556
Thu Mar 01 11:14:25 CET 2018;AAPL;3360;1000.0;/172.17.1.243:61528;/172.17.1.243:61556
Thu Mar 01 11:14:25 CET 2018;MSFT;944;1000.0;/172.17.1.243:61549;/172.17.1.243:61549
Thu Mar 01 11:14:25 CET 2018;IBM;1589;1000.0;/172.17.1.243:61543;/172.17.1.243:61537
Thu Mar 01 11:14:25 CET 2018;MSFT;8247;1000.0;/172.17.1.243:61528;/172.17.1.243:61537
Thu Mar 01 11:14:25 CET 2018;MSFT;4612;1000.0;/172.17.1.243:61537;/172.17.1.243:61556
Thu Mar 01 11:14:25 CET 2018;MSFT;5464;1000.0;/172.17.1.243:61543;/172.17.1.243:61556
Thu Mar 01 11:14:25 CET 2018;AAPL;9369;1000.0;/172.17.1.243:61549;/172.17.1.243:61543
Thu Mar 01 11:14:25 CET 2018;IBM;5288;1000.0;/172.17.1.243:61556;/172.17.1.243:61528
Thu Mar 01 11:14:25 CET 2018;IBM;6177;1000.0;/172.17.1.243:61537;/172.17.1.243:61543
Thu Mar 01 11:14:25 CET 2018;MSFT;4036;1000.0;/172.17.1.243:61556;/172.17.1.243:61549
Thu Mar 01 11:14:25 CET 2018;IBM;3569;1000.0;/172.17.1.243:61528;/172.17.1.243:61543
Thu Mar 01 11:14:25 CET 2018;MSFT;9073;1000.0;/172.17.1.243:61549;/172.17.1.243:61556
Thu Mar 01 11:14:25 CET 2018;AAPL;2714;1000.0;/172.17.1.243:61537;/172.17.1.243:61528
Thu Mar 01 11:14:25 CET 2018;MSFT;3549;1000.0;/172.17.1.243:61556;/172.17.1.243:61537
Thu Mar 01 11:14:25 CET 2018;IBM;7004;1000.0;/172.17.1.243:61549;/172.17.1.243:61528
Thu Mar 01 11:14:25 CET 2018;AAPL;3768;1000.0;/172.17.1.243:61537;/172.17.1.243:61549
Thu Mar 01 11:14:25 CET 2018;AAPL;1858;1000.0;/172.17.1.243:61543;/172.17.1.243:61528
Thu Mar 01 11:14:25 CET 2018;MSFT;8611;1000.0;/172.17.1.243:61556;/172.17.1.243:61549
Thu Mar 01 11:14:25 CET 2018;MSFT;1655;1000.0;/172.17.1.243:61537;/172.17.1.243:61549
Thu Mar 01 11:14:25 CET 2018;IBM;6644;1000.0;/172.17.1.243:61549;/172.17.1.243:61543
Thu Mar 01 11:14:25 CET 2018;AAPL;6829;1000.0;/172.17.1.243:61528;/172.17.1.243:61549
Thu Mar 01 11:14:25 CET 2018;MSFT;4679;1000.0;/172.17.1.243:61537;/172.17.1.243:61549
Thu Mar 01 11:14:25 CET 2018;IBM;4649;1000.0;/172.17.1.243:61549;/172.17.1.243:61537
Thu Mar 01 11:14:25 CET 2018;AAPL;7166;1000.0;/172.17.1.243:61556;/172.17.1.243:61537
Thu Mar 01 11:14:25 CET 2018;MSFT;6980;1000.0;/172.17.1.243:61543;/172.17.1.243:61537
Thu Mar 01 11:14:25 CET 2018;MSFT;5788;1000.0;/172.17.1.243:61528;/172.17.1.243:61549
Thu Mar 01 11:14:25 CET 2018;IBM;5047;1000.0;/172.17.1.243:61543;/172.17.1.243:61528
Thu Mar 01 11:14:25 CET 2018;AAPL;6220;1000.0;/172.17.1.243:61537;/172.17.1.243:61528
Thu Mar 01 11:14:25 CET 2018;AAPL;4570;1000.0;/172.17.1.243:61549;/172.17.1.243:61556
Thu Mar 01 11:14:25 CET 2018;AAPL;640;1000.0;/172.17.1.243:61528;/172.17.1.243:61556
Thu Mar 01 11:14:25 CET 2018;MSFT;4698;1000.0;/172.17.1.243:61537;/172.17.1.243:61556
Thu Mar 01 11:14:25 CET 2018;IBM;4907;1000.0;/172.17.1.243:61556;/172.17.1.243:61537
Thu Mar 01 11:14:25 CET 2018;AAPL;4113;1000.0;/172.17.1.243:61543;/172.17.1.243:61556
Thu Mar 01 11:14:25 CET 2018;IBM;9398;1000.0;/172.17.1.243:61537;/172.17.1.243:61556
Thu Mar 01 11:14:25 CET 2018;IBM;3035;1000.0;/172.17.1.243:61528;/172.17.1.243:61549
Thu Mar 01 11:14:25 CET 2018;MSFT;8170;1000.0;/172.17.1.243:61556;/172.17.1.243:61537
Thu Mar 01 11:14:25 CET 2018;AAPL;6247;1000.0;/172.17.1.243:61549;/172.17.1.243:61549
Thu Mar 01 11:14:25 CET 2018;AAPL;8716;1000.0;/172.17.1.243:61528;/172.17.1.243:61543
Thu Mar 01 11:14:25 CET 2018;AAPL;3049;1000.0;/172.17.1.243:61543;/172.17.1.243:61549
Thu Mar 01 11:14:25 CET 2018;IBM;7352;1000.0;/172.17.1.243:61537;/172.17.1.243:61556
Thu Mar 01 11:14:25 CET 2018;IBM;8098;1000.0;/172.17.1.243:61528;/172.17.1.243:61556
Thu Mar 01 11:14:25 CET 2018;MSFT;48;1000.0;/172.17.1.243:61549;/172.17.1.243:61556
Thu Mar 01 11:14:25 CET 2018;AAPL;1406;1000.0;/172.17.1.243:61543;/172.17.1.243:61556
Thu Mar 01 11:14:25 CET 2018;IBM;1306;1000.0;/172.17.1.243:61537;/172.17.1.243:61537
Thu Mar 01 11:14:25 CET 2018;IBM;5912;1000.0;/172.17.1.243:61556;/172.17.1.243:61528
Thu Mar 01 11:14:25 CET 2018;MSFT;4816;1000.0;/172.17.1.243:61549;/172.17.1.243:61537
Thu Mar 01 11:14:25 CET 2018;MSFT;6034;1000.0;/172.17.1.243:61543;/172.17.1.243:61543
Thu Mar 01 11:14:25 CET 2018;AAPL;7422;1000.0;/172.17.1.243:61528;/172.17.1.243:61543
Thu Mar 01 11:14:25 CET 2018;IBM;500;1000.0;/172.17.1.243:61537;/172.17.1.243:61528
Thu Mar 01 11:14:25 CET 2018;AAPL;4987;1000.0;/172.17.1.243:61556;/172.17.1.243:61549
Thu Mar 01 11:14:25 CET 2018;IBM;7441;1000.0;/172.17.1.243:61537;/172.17.1.243:61543
Thu Mar 01 11:14:25 CET 2018;IBM;4026;1000.0;/172.17.1.243:61549;/172.17.1.243:61556
Thu Mar 01 11:14:25 CET 2018;AAPL;1404;1000.0;/172.17.1.243:61543;/172.17.1.243:61556
Thu Mar 01 11:14:25 CET 2018;IBM;1329;1000.0;/172.17.1.243:61528;/172.17.1.243:61556
Thu Mar 01 11:14:25 CET 2018;MSFT;9458;1000.0;/172.17.1.243:61543;/172.17.1.243:61537
Thu Mar 01 11:14:25 CET 2018;MSFT;5966;1000.0;/172.17.1.243:61549;/172.17.1.243:61556
Thu Mar 01 11:14:25 CET 2018;AAPL;2853;1000.0;/172.17.1.243:61556;/172.17.1.243:61528
Thu Mar 01 11:14:25 CET 2018;MSFT;6553;1000.0;/172.17.1.243:61528;/172.17.1.243:61549
Thu Mar 01 11:14:25 CET 2018;AAPL;7095;1000.0;/172.17.1.243:61537;/172.17.1.243:61556
Thu Mar 01 11:14:25 CET 2018;MSFT;5837;1000.0;/172.17.1.243:61549;/172.17.1.243:61543
Thu Mar 01 11:14:25 CET 2018;IBM;2177;1000.0;/172.17.1.243:61556;/172.17.1.243:61528
Thu Mar 01 11:14:25 CET 2018;IBM;3775;1000.0;/172.17.1.243:61537;/172.17.1.243:61549
Thu Mar 01 11:14:25 CET 2018;IBM;6877;1000.0;/172.17.1.243:61528;/172.17.1.243:61543
Thu Mar 01 11:14:25 CET 2018;MSFT;4776;1000.0;/172.17.1.243:61537;/172.17.1.243:61537
Thu Mar 01 11:14:25 CET 2018;AAPL;8995;1000.0;/172.17.1.243:61556;/172.17.1.243:61537
Thu Mar 01 11:14:25 CET 2018;MSFT;9683;1000.0;/172.17.1.243:61543;/172.17.1.243:61543
Thu Mar 01 11:14:25 CET 2018;MSFT;5340;1000.0;/172.17.1.243:61549;/172.17.1.243:61528
Thu Mar 01 11:14:25 CET 2018;IBM;301;1000.0;/172.17.1.243:61528;/172.17.1.243:61543
Thu Mar 01 11:14:25 CET 2018;IBM;3993;1000.0;/172.17.1.243:61537;/172.17.1.243:61543
Thu Mar 01 11:14:25 CET 2018;AAPL;1399;1000.0;/172.17.1.243:61556;/172.17.1.243:61556
Thu Mar 01 11:14:25 CET 2018;AAPL;8198;1000.0;/172.17.1.243:61528;/172.17.1.243:61549
Thu Mar 01 11:14:25 CET 2018;AAPL;3952;1000.0;/172.17.1.243:61543;/172.17.1.243:61556
Thu Mar 01 11:14:25 CET 2018;IBM;1622;1000.0;/172.17.1.243:61556;/172.17.1.243:61549
Thu Mar 01 11:14:25 CET 2018;IBM;7684;1000.0;/172.17.1.243:61537;/172.17.1.243:61528
Thu Mar 01 11:14:25 CET 2018;IBM;2763;1000.0;/172.17.1.243:61549;/172.17.1.243:61528
Thu Mar 01 11:14:25 CET 2018;AAPL;4215;1000.0;/172.17.1.243:61543;/172.17.1.243:61537
Thu Mar 01 11:14:25 CET 2018;AAPL;1018;1000.0;/172.17.1.243:61528;/172.17.1.243:61537
Thu Mar 01 11:14:25 CET 2018;MSFT;3134;1000.0;/172.17.1.243:61528;/172.17.1.243:61556
Thu Mar 01 11:14:25 CET 2018;MSFT;1818;1000.0;/172.17.1.243:61537;/172.17.1.243:61549
Thu Mar 01 11:14:25 CET 2018;IBM;2037;1000.0;/172.17.1.243:61549;/172.17.1.243:61537
Thu Mar 01 11:14:25 CET 2018;IBM;4147;1000.0;/172.17.1.243:61543;/172.17.1.243:61549
Thu Mar 01 11:14:25 CET 2018;IBM;4491;1000.0;/172.17.1.243:61528;/172.17.1.243:61556
Thu Mar 01 11:14:25 CET 2018;MSFT;5650;1000.0;/172.17.1.243:61528;/172.17.1.243:61528
Thu Mar 01 11:14:25 CET 2018;IBM;2374;1000.0;/172.17.1.243:61543;/172.17.1.243:61556
Thu Mar 01 11:14:25 CET 2018;AAPL;929;1000.0;/172.17.1.243:61528;/172.17.1.243:61537
Thu Mar 01 11:14:25 CET 2018;MSFT;8433;1000.0;/172.17.1.243:61528;/172.17.1.243:61537
Thu Mar 01 11:14:27 CET 2018;AAPL;1980;1000.0;/172.17.1.243:61568;/172.17.1.243:61537
Thu Mar 01 11:14:27 CET 2018;AAPL;631;1000.0;/172.17.1.243:61568;/172.17.1.243:61556
Thu Mar 01 11:14:27 CET 2018;AAPL;653;1000.0;/172.17.1.243:61568;/172.17.1.243:61543
Thu Mar 01 11:14:27 CET 2018;IBM;9452;1000.0;/172.17.1.243:61568;/172.17.1.243:61528
Thu Mar 01 11:14:27 CET 2018;AAPL;1430;1000.0;/172.17.1.243:61568;/172.17.1.243:61556
Thu Mar 01 11:14:27 CET 2018;MSFT;5380;1000.0;/172.17.1.243:61568;/172.17.1.243:61537
Thu Mar 01 11:14:27 CET 2018;AAPL;7582;1000.0;/172.17.1.243:61568;/172.17.1.243:61537
Thu Mar 01 11:14:27 CET 2018;IBM;759;1000.0;/172.17.1.243:61568;/172.17.1.243:61556
Thu Mar 01 11:14:27 CET 2018;AAPL;5707;1000.0;/172.17.1.243:61568;/172.17.1.243:61537
Thu Mar 01 11:14:27 CET 2018;MSFT;7489;1000.0;/172.17.1.243:61568;/172.17.1.243:61543
Thu Mar 01 11:14:27 CET 2018;AAPL;8765;1000.0;/172.17.1.243:61568;/172.17.1.243:61556
Thu Mar 01 11:14:34 CET 2018;IBM;6273;1000.0;/172.17.1.243:61574;/172.17.1.243:61556
Thu Mar 01 11:14:34 CET 2018;MSFT;8857;1000.0;/172.17.1.243:61574;/172.17.1.243:61556
Thu Mar 01 11:14:40 CET 2018;AAPL;4508;1000.0;/172.17.1.243:61588;/172.17.1.243:61543
Thu Mar 01 11:14:40 CET 2018;AAPL;7925;1000.0;/172.17.1.243:61588;/172.17.1.243:61556
Thu Mar 01 11:15:32 CET 2018;MSFT;1943;1000.0;/172.17.1.243:61600;/172.17.1.243:61549
Thu Mar 01 11:15:32 CET 2018;IBM;6931;1000.0;/172.17.1.243:61543;/172.17.1.243:61549
Thu Mar 01 11:15:32 CET 2018;IBM;8984;1000.0;/172.17.1.243:61537;/172.17.1.243:61549
Thu Mar 01 11:15:32 CET 2018;MSFT;8693;1000.0;/172.17.1.243:61582;/172.17.1.243:61549
Thu Mar 01 11:15:32 CET 2018;MSFT;2373;1000.0;/172.17.1.243:61528;/172.17.1.243:61549
Thu Mar 01 11:15:32 CET 2018;MSFT;6268;1000.0;/172.17.1.243:61556;/172.17.1.243:61549
Thu Mar 01 11:15:32 CET 2018;IBM;2857;1000.0;/172.17.1.243:61588;/172.17.1.243:61549
Thu Mar 01 11:15:32 CET 2018;IBM;7147;1000.0;/172.17.1.243:61574;/172.17.1.243:61549
Thu Mar 01 11:15:32 CET 2018;IBM;2974;1000.0;/172.17.1.243:61568;/172.17.1.243:61549
Thu Mar 01 11:15:32 CET 2018;MSFT;1949;1000.0;/172.17.1.243:61594;/172.17.1.243:61549
Thu Mar 01 11:36:40 CET 2018;ORCL;4132;1000.0;/172.17.1.63:58215;/172.17.1.63:58190
Thu Mar 01 11:43:04 CET 2018;ORCL;2423;1000.0;/172.17.1.63:58403;/172.17.1.63:58379
Thu Mar 01 11:43:04 CET 2018;MSFT;8195;1000.0;/172.17.1.63:58397;/172.17.1.63:58403
Thu Mar 01 11:52:41 CET 2018;ORCL;1000;1000.0;/172.17.1.63:58421;/172.17.1.63:58428
Thu Mar 01 11:52:41 CET 2018;ORCL;1000;1000.0;/172.17.1.63:58415;/172.17.1.63:58428
Thu Mar 01 11:53:36 CET 2018;ORCL;1000;1000.0;/172.17.1.63:58415;/172.17.1.63:58434
Thu Mar 01 11:53:59 CET 2018;ORCL;1000;1000.0;/172.17.1.63:58444;/172.17.1.63:58434
Thu Mar 01 11:55:19 CET 2018;ORCL;1000;1000.0;/172.17.1.63:58450;/172.17.1.63:58456
Thu Mar 01 11:55:20 CET 2018;ORCL;1000;1000.0;/172.17.1.63:58450;/172.17.1.63:58456
Thu Mar 01 11:55:20 CET 2018;ORCL;1000;1000.0;/172.17.1.63:58450;/172.17.1.63:58456
Thu Mar 01 11:57:15 CET 2018;ORCL;1000;1000.0;/172.17.1.63:58471;/172.17.1.63:58456
Thu Mar 01 11:58:56 CET 2018;ORCL;1000;1000.0;/172.17.1.63:58474;/172.17.1.63:58462
Thu Mar 01 11:58:56 CET 2018;ORCL;1000;1000.0;/172.17.1.63:58474;/172.17.1.63:58456
Thu Mar 01 14:59:14 CET 2018;IBM;3667;1000.0;/172.17.1.243:63830;/172.17.1.243:63858
